CATAID,LOGIT_CLASS(1-UVUP;0-UVWEAK),REDSHIFT,SERSIC_GALFIT,SERSIC_SEXTRACTOR
301601,0,0.07014,3.3709,3.67801
381867,0,0.19723,4.9503,2.591786
386673,0,0.05827,3.8091,8.41974
227180,0,0.14515,4.5037,1.552768
229330,0,0.16928,2.9954,2.22297
220396,0,0.01938,2.6694,2.66805
49966,0,0.11957,4.6734,6.027612
39730,1,0.26324,2.936,3.05453
210907,0,0.15809,4.3857,4.250046
30945,0,0.08087,7.2145,6.436642
71177,0,0.18009,8.7488,1.98944
278241,0,0.09753,3.3248,7.624682
622482,0,0.10582,1.7164,1.570031
63305,0,0.05191,2.3016,3.305653
600630,0,0.20209,3.3165,3.177303
279283,0,0.10021,5.7374,5.604698
287856,0,0.13342,3.9736,3.652284
537467,0,0.04025,1.8613,4.156008
98917,0,0.25926,3.4265,2.085281
106342,0,0.12618,7.0045,5.087506
381229,0,0.05,4.406,5.92504
63391,1,0.22575,8.2298,3.041409
185758,0,0.20149,2.0393,3.197385
623544,0,0.16392,2.3892,2.427473
549404,0,0.15469,3.3962,3.25681
62601,0,0.13981,4.9426,5.535148
98874,1,0.14733,2.7832,1.995756
518718,0,0.243,4.4991,3.323433
617842,0,0.18919,3.8981,2.542455
49943,0,0.22763,3.484,3.166771
214777,0,0.06982,4.4469,5.955041
62707,0,0.13602,2.4166,2.936611
618100,0,0.05353,4.9758,5.011344
609246,0,0.09719,6.3869,8.44373
85025,0,0.25723,3.1812,2.62751
77709,0,0.09702,4.0078,4.386284
8993,1,0.06451,1.7695,2.22653
418630,0,0.05486,3.7832,4.051169
320765,0,0.13932,3.8645,4.532176
196326,1,0.05688,2.9342,2.941742
184630,0,0.26553,2.0623,5.20926
544151,1,0.22639,3.2248,2.379063
289198,0,0.01937,1.8156,1.145746
203565,0,0.16828,5.7259,3.673071
568891,0,0.16213,3.8067,3.912377
505980,0,0.17398,4.3704,4.258562
527088,0,0.28414,3.0622,2.459657
535086,0,0.17066,4.4339,3.471591
535873,0,0.13168,2.6101,1.888608
93060,0,0.2162,5.9931,4.75162
219801,0,0.10603,4.9943,5.535114
372126,0,0.07255,3.4258,1.958029
300508,0,0.15746,3.2201,4.607519
177969,0,0.07591,4.409,4.685435
230836,0,0.0191,4.6913,2.960396
16521,0,0.05545,2.4598,2.383881
584102,0,0.12757,4.6237,5.971191
594078,0,0.05678,6.6584,4.575311
618947,0,0.05593,3.7466,5.358528
527589,1,0.13634,6.079,6.625742
210670,0,0.09204,3.125,3.335553
99698,0,0.13064,2.5329,3.065598
23225,0,0.02004,4.2211,4.11271
31623,0,0.09244,4.1273,5.128842
423092,0,0.28161,2.9508,2.476183
396735,0,0.07627,3.9115,4.070215
31366,0,0.13111,1.7816,2.296523
23153,0,0.08476,3.1488,4.022342
593288,0,0.38331,4.578,0.006059299
230793,0,0.01727,2.3559,1.586707
47856,0,0.0497,1.2334,0.5425997
227750,0,0.16615,8.1017,2.702328
71683,0,0.10628,4.7566,3.855818
239666,0,0.13573,7.6039,2.889724
380734,0,0.07243,4.308,5.559135
419345,0,0.03663,2.6298,2.622525
106296,0,0.12652,4.1662,5.054206
273257,1,0.12502,1.6041,2.946112
569057,0,0.08563,6.0575,5.893191
40491,0,0.07724,2.9929,3.178756
143889,0,0.06049,2.9172,7.328789
289725,0,0.19811,5.7068,7.830093
203256,0,0.19271,3.4911,1.427332
238278,0,0.05452,2.6572,2.347313
71426,0,0.11724,3.2246,1.843983
550391,0,0.19889,4.333,2.92675
85120,0,0.2103,2.6801,1.377913
71552,0,0.39734,4.5521,1.926375
228514,0,0.13173,3.4015,4.496054
272590,0,0.15921,4.9412,3.076723
272719,0,0.2375,4.1084,4.287112
491548,0,0.11702,5.0849,5.056401
575409,0,0.16002,4.8248,5.573985
559969,1,0.1313,5.0926,6.723502
592601,0,0.12462,4.9377,5.97997
550285,1,0.16262,4.7805,5.227098
545840,0,0.14622,3.8796,5.156525
64081,0,0.2826,1.6178,1.363349
609661,1,0.10522,3.3317,4.469365
48681,0,0.0889,4.3132,7.324026
600172,0,0.16139,3.8866,3.057886
41104,0,0.07134,4.2508,4.573801
543501,0,0.0515,3.1724,2.943313
534585,0,0.07756,3.0865,0.9530092
219875,0,0.17708,3.9156,1.790145
278802,0,0.04123,2.9655,1.012533
301910,1,0.25795,2.4711,0.770213
203302,0,0.19152,6.0934,5.730086
186322,0,0.1226,3.2811,3.976154
238959,0,0.16852,3.8063,2.826936
560115,0,0.12997,2.939,2.369317
54500,0,0.08071,7.364,5.499593
31168,1,0.12623,2.2022,2.206544
535392,0,0.225,3.4774,4.458412
54695,0,0.10627,1.952,2.074012
397453,0,0.08071,4.9345,8.824835
186468,0,0.07013,3.3842,3.997955
63849,0,0.1576,6.1445,3.663323
382219,0,0.11825,3.4698,5.547788
239380,0,0.10011,5.753,3.486313
299094,0,0.20611,2.4649,4.0254
320161,1,0.28986,3.8555,1.633287
550649,0,0.15606,4.1962,3.408806
301696,0,0.11963,4.6457,3.935571
55373,1,0.08238,2.8997,3.099423
63972,0,0.12341,6.0417,4.925907
8953,0,0.08207,6.2178,9.5981
55224,0,0.12002,2.3092,1.138128
418186,0,0.12934,4.3252,3.67356
7742,0,0.07653,2.7897,2.898616
7868,1,0.13087,4.3704,4.796084
105881,0,0.12334,3.2813,3.967264
237992,1,0.17641,4.3769,3.301936
512475,0,0.12201,4.1904,6.074706
17208,1,0.17436,7.6157,6.65429
231354,1,0.19199,4.4823,1.597053
491711,0,0.17354,4.449,4.935502
251268,0,0.08758,4.3634,4.6178
250183,0,0.05888,3.8751,7.259445
618143,0,0.05264,3.7125,2.879913
32270,0,0.08941,4.9489,3.50557
382211,1,0.24551,0.5573,0.06680556
144367,0,0.11326,7.4918,3.755349
290203,1,0.06918,3.9358,3.780288
289118,0,0.02002,1.3757,1.092957
144937,0,0.17894,4.0712,3.893471
568059,0,0.13917,3.7727,3.608906
7570,0,0.10646,2.0688,1.497636
593849,0,0.12359,4.4953,7.046294
586379,0,0.18558,4.6044,2.383043
136616,0,0.04306,3.2781,9.16926
17415,1,0.13185,3.1501,2.667722
21966,0,0.12629,5.7026,5.463241
204252,1,0.30933,5.9473,3.710873
535793,0,0.12966,5.5518,4.293041
320938,0,0.08448,7.0944,7.234608
216716,0,0.09137,3.9872,3.236716
372190,0,0.07149,1.0441,0.9636812
238885,0,0.12755,4.11,3.291729
227542,1,0.1748,3.4735,3.7528
53877,0,0.09874,2.0876,0.9698815
551576,0,0.05532,2.0689,1.617172
40412,1,0.26391,2.7193,1.339605
378144,0,0.05735,3.5654,2.515887
289877,0,0.09896,5.7351,6.016557
486170,0,0.13722,4.9578,4.469088
383185,1,0.08555,2.1846,3.528683
7416,0,0.25293,3.8112,2.225801
185329,1,0.25612,2.5026,1.066779
227905,0,0.05481,3.5765,3.64073
31776,0,0.19315,6.1164,3.189777
106769,0,0.11431,2.5588,1.559518
618739,0,0.41143,4.1649,2.720529
619632,0,0.30367,2.9311,1.803898
623542,0,0.19787,3.7793,2.351706
238499,0,0.08301,2.983,2.346183
300554,0,0.04989,3.1571,2.937768
69663,0,0.20672,3.5199,2.925598
84594,0,0.16982,7.1334,4.260577
584464,1,0.1073,2.2037,0.8618315
23535,0,0.15752,2.9944,3.408535
647263,1,0.13503,6.5102,5.438717
238204,1,0.05415,3.4625,2.48324
230453,1,0.07655,2.6371,3.564946
227178,0,0.14314,3.5071,5.422464
63386,1,0.13008,2.8338,2.950179
136725,0,0.10753,2.6111,2.473508
136358,0,0.13527,5.8446,3.540551
592207,0,0.2564,1.5758,2.704012
618667,0,0.13344,3.0502,4.521198
71063,0,0.07959,5.1218,4.615849
289537,1,0.18716,5.5198,4.380727
185089,0,0.17446,3.6513,4.323502
14601,0,0.11337,5.5897,4.582388
567930,1,0.26103,1.9818,1.828819
559523,0,0.13354,1.1432,1.054322
22836,1,0.07773,1.6764,2.437865
584375,0,0.10933,4.0183,5.51438
238130,0,0.09307,3.1839,3.646452
196916,0,0.18426,3.7192,3.664117
23492,0,0.12233,4.2882,4.553957
372010,0,0.1027,2.4513,2.383698
106288,0,0.07785,4.6732,6.091312
303102,0,0.08492,3.5918,2.543745
586608,0,0.14871,2.4121,2.878382
598965,1,0.16554,4.1839,7.990025
619560,0,0.17958,3.5771,2.172619
526811,0,0.07004,4.9459,6.613511
559818,0,0.10752,4.5102,4.697347
573778,1,0.20269,2.6723,4.223586
610349,0,0.19835,5.383,5.682097
609330,0,0.10615,3.519,3.555817
145037,1,0.06015,7.4319,3.633287
289574,0,0.29489,6.2869,5.670791
39579,0,0.13812,3.7212,2.672703
40300,0,0.07746,2.9112,2.579144
543674,0,0.09039,3.8828,4.082103
143291,0,0.04489,5.2492,4.607016
205086,0,0.05551,2.4595,1.677555
617989,0,0.05394,3.1842,2.993748
62172,0,0.11245,6.0102,1.762976
227387,1,0.13888,4.5801,5.550892
287891,0,0.07545,1.8485,1.530104
215897,0,0.30093,3.2196,2.532059
14552,0,0.07673,5.1046,6.286697
301948,0,0.26489,2.1075,3.319884
85023,1,0.2454,3.4091,3.835702
512502,0,0.10517,4.0038,3.89704
600322,1,0.15697,1.4433,0.5014508
70187,0,0.10615,4.4396,6.330733
6964,0,0.07357,4.1001,0.4657272
238811,0,0.16117,4.405,3.886809
545311,0,0.10558,3.993,4.178835
186537,0,0.06777,3.6588,3.718879
62699,0,0.13723,7.502,5.236613
55148,0,0.09409,3.6502,3.43522
463634,0,0.12778,4.4558,5.310282
460379,0,0.11359,6.5524,6.341025
228509,0,0.11345,3.1283,4.334302
70270,0,0.13004,3.1616,1.934138
585131,0,0.11823,4.7924,6.893628
54890,0,0.17932,2.4681,1.707236
561092,1,0.20394,4.1235,3.633899
273845,0,0.07869,3.6691,3.990829
346837,0,0.05791,3.9664,6.311316
422830,0,0.05928,2.6428,3.240085
377025,0,0.10308,4.0652,3.397383
536463,0,0.07915,2.4703,3.148326
574090,0,0.18932,3.9491,3.047212
551500,0,0.16607,3.8737,4.278969
215336,0,0.11288,5.4327,5.700725
382154,0,0.05681,4.7503,7.054071
78591,1,0.17528,3.0196,3.282756
620150,0,0.06843,2.1729,7.250996
144562,0,0.08779,2.471,4.066816
184359,0,0.1075,3.3848,2.450676
71378,0,0.11941,4.7665,4.355616
592430,0,0.09564,4.793,5.351825
618000,0,0.12616,7.9439,1.913874
17355,0,0.09888,1.8342,4.51848
289740,0,0.19624,3.8427,3.07886
574663,1,0.19941,5.9089,5.465665
346577,0,0.20039,3.6731,4.205566
593807,0,0.09414,1.9443,3.301454
599978,0,0.10975,2.3102,3.205577
216424,1,0.3036,2.9199,3.559574
214211,0,0.07765,4.9377,6.049645
298347,0,0.12341,4.3019,4.820885
504730,0,0.0545,3.6718,5.209734
17209,0,0.09935,2.0366,2.196554
83824,0,0.20754,5.1667,4.081399
228652,0,0.1377,4.5827,6.066644
53948,0,0.25776,4.1048,3.159367
298611,0,0.0843,2.7514,5.714202
215034,1,0.19252,7.3379,2.783105
569364,0,0.10614,3.392,4.742448
376066,1,0.09484,5.9893,6.244032
492055,0,0.13668,2.7404,7.564571
215356,0,0.10816,2.4589,3.997649
197251,1,0.12878,2.7149,2.555477
536566,0,0.19072,5.4925,4.360885
31163,0,0.1264,6.28,4.823593
509393,0,0.08308,4.6037,6.520661
618656,0,0.10859,5.8413,1.858298
549771,0,0.15907,3.5778,3.650056
371683,1,0.07023,2.8082,3.668504
346890,0,0.05826,4.3764,3.818085
144453,0,0.13121,3.8845,4.159324
105667,1,0.12399,3.7151,5.484266
99428,0,0.02041,3.3715,2.205666
144342,0,0.08056,1.9657,2.90185
525772,0,0.25937,3.109,2.482229
298994,0,0.39096,3.2008,3.355088
288692,0,0.07734,3.4391,4.658348
138469,0,0.13054,2.8527,4.112172
288755,1,0.16135,8.0781,6.832481
288990,0,0.07762,5.4173,5.048247
48179,0,0.17547,5.7502,4.350982
493748,1,0.14735,2.3973,1.968437
64051,0,0.21147,3.4184,1.976381
297666,1,0.14318,2.1823,2.599956
296690,0,0.11597,5.429,5.798793
79756,0,0.09954,5.8782,7.300131
8717,0,0.25103,4.0662,2.682018
537004,0,0.07921,2.8257,2.082202
535642,0,0.07686,2.5322,2.85062
271751,0,0.13289,4.7891,6.768802
22992,0,0.20042,4.5358,4.883328
215481,0,0.166,4.378,5.558206
92175,0,0.1215,6.2009,4.582781
536722,0,0.11466,4.3623,3.515157
535683,1,0.27739,3.8828,2.393813
237819,0,0.10542,2.3392,2.457742
238412,0,0.0553,4.0945,6.705203
601013,0,0.05289,3.038,2.690732
91963,0,0.04998,2.2405,1.883357
570207,0,0.04318,3.692,5.455666
419290,0,0.1428,5.4062,5.851121
601102,0,0.05274,2.1159,0.9040072
15377,0,0.16976,4.1076,4.431803
15756,1,0.12385,6.9936,9.304674
184589,1,0.24304,2.8949,3.912267
487113,0,0.09962,7.3778,4.71892
559977,0,0.13387,3.4451,2.119878
372123,0,0.07123,4.5236,6.413813
496997,0,0.07686,3.1968,4.217711
48560,0,0.13136,4.7637,4.928181
610545,0,0.07747,2.7282,1.262262
526363,0,0.10145,2.1862,1.788359
77705,0,0.05264,3.6645,4.329609
288751,1,0.16166,4.3975,3.480825
536402,1,0.18165,6.0946,4.874792
288877,1,0.07814,5.2603,4.609821
289089,0,0.01638,2.3605,5.931329
289664,0,0.2525,4.7091,5.910366
567972,0,0.18516,3.4884,4.32626
567803,0,0.08333,3.3494,5.215851
85019,0,0.07861,1.851,0.9139426
215289,0,0.0576,3.2036,6.884234
550044,0,0.21398,4.0371,3.922612
23748,0,0.1251,4.3951,4.137262
611581,0,0.17071,2.833,3.057218
319299,0,0.08214,2.8308,1.683929
319067,0,0.05331,3.6873,4.866529
545490,0,0.21661,3.4166,1.263774
48010,0,0.05493,3.2824,4.051705
535486,1,0.11942,2.6843,4.378234
84661,1,0.20258,4.025,4.185905
71468,0,0.18636,7.4663,6.445065
584820,0,0.16299,3.5821,2.193319
196328,0,0.1695,3.4337,2.810647
84675,0,0.1306,4.0991,5.682774
92782,0,0.08637,2.6264,3.384891
85674,0,0.25871,5.299,5.498807
386137,0,0.11055,4.2154,4.183977
98358,1,0.14022,1.9761,1.097893
91697,0,0.05375,3.8198,5.6239
460452,0,0.11441,3.6334,5.321349
376906,0,0.11671,4.5747,2.646738
375649,0,0.14931,3.317,3.653943
324351,1,0.05727,2.4602,2.02735
618133,0,0.05342,5.1946,4.518669
278300,0,0.1928,3.4775,5.197733
505765,0,0.08039,4.4099,8.987242
228708,0,0.09397,3.8912,5.003984
24303,0,0.11314,5.0307,3.810622
62932,0,0.18417,3.6133,4.591374
64123,0,0.21966,6.2003,2.715851
526246,1,0.13687,2.6161,1.913727
527482,0,0.03939,3.9568,4.619434
15410,0,0.27849,5.6247,4.186235
278618,0,0.17735,4.7871,5.976468
272043,0,0.07795,3.5867,3.747544
143845,1,0.25968,4.1831,3.679931
297954,1,0.15983,4.0242,2.059592
296677,0,0.02548,3.5532,3.968963
7687,1,0.20825,2.2502,2.036613
372452,0,0.05264,4.2987,5.714184
376585,0,0.05287,4.2125,2.771215
78120,0,0.27512,1.4412,1.184865
220112,0,0.01968,3.7257,4.340055
239090,0,0.08409,3.4745,3.130888
70844,0,0.11544,4.5874,4.093557
70973,1,0.09937,2.5348,2.140871
463146,1,0.05906,3.0664,1.37992
396874,0,0.07687,2.0111,1.063531
40516,0,0.13088,3.0957,3.423723
204048,0,0.19859,7.0753,3.401639
216219,0,0.09405,5.1087,6.804532
220218,0,0.04772,5.0376,3.587181
388513,0,0.08404,5.0109,6.098164
377410,0,0.05581,2.8246,4.002893
77227,1,0.05439,3.1429,2.819128
549097,0,0.16849,3.5289,3.403681
320507,1,0.13689,2.3798,0.7712845
319806,0,0.11076,5.7297,2.730262
319869,0,0.11698,3.139,1.2838
460457,0,0.13877,5.9729,4.793993
463197,0,0.1164,4.9997,2.424001
39855,0,0.13241,5.2742,4.632762
567474,0,0.17396,4.3228,4.884929
143221,0,0.14466,5.7265,6.70836
77350,0,0.12736,5.8286,4.020075
15899,0,0.10264,2.3329,1.122077
560283,0,0.17824,5.4428,4.265949
71119,0,0.08238,4.0412,4.300744
83945,1,0.13574,3.4543,1.697159
91691,0,0.05477,2.6236,2.85718
278443,0,0.13291,3.594,4.133198
202786,0,0.21136,5.0651,5.374793
319293,0,0.05421,5.1256,3.120695
301761,0,0.07139,3.9605,5.208457
319651,0,0.08412,4.6455,4.777924
371788,0,0.07081,2.2753,2.869751
323198,1,0.19552,3.0617,1.013821
418188,0,0.1295,7.588,5.434817
272964,0,0.07808,4.3009,3.951573
584156,0,0.22662,2.4363,1.166751
221017,0,0.07494,3.195,4.328363
611000,0,0.07774,2.7796,2.720867
599834,0,0.05209,4.0159,7.346962
54376,0,0.1627,5.4542,4.962721
70970,0,0.09986,2.4679,2.532273
185786,0,0.2311,2.904,3.687046
492486,0,0.05541,3.7183,5.958516
40977,0,0.09408,3.4267,2.132625
7489,0,0.12823,3.723,2.892921
178552,0,0.15259,1.9642,2.732108
318841,0,0.12824,2.7377,1.573904
15916,0,0.1262,3.6936,4.311016
8299,1,0.08857,4.809,5.444856
599272,0,0.2626,3.985,3.649996
99039,0,0.14738,4.6858,5.713245
106181,0,0.12695,2.9771,4.09142
216184,0,0.01878,2.2589,4.828274
320687,0,0.13903,2.4814,3.2227
547814,0,0.15701,7.6125,4.895534
376703,0,0.052,4.2939,4.982293
387125,1,0.21413,2.5619,2.593797
204953,0,0.32833,3.2213,1.391064
518563,0,0.19325,7.1255,3.633138
514218,0,0.08484,3.234,4.584432
534644,0,0.04732,4.1874,6.502732
543770,0,0.08715,3.5346,3.292918
299056,0,0.14129,4.6549,4.527786
22883,0,0.06413,3.0014,3.605767
574235,0,0.26608,1.9419,1.512414
544580,0,0.14915,2.354,1.584609
610012,0,0.16094,3.9634,5.019857
609548,1,0.09378,3.1469,1.098855
16429,0,0.03053,1.588,2.470524
54456,0,0.16329,2.8555,3.225372
600420,0,0.05228,3.267,4.03423
600929,0,0.05347,3.4692,3.463006
219763,0,0.19935,4.4009,3.784829
16317,0,0.03411,3.7588,4.271246
549975,0,0.17342,2.7925,2.353962
184654,1,0.12319,1.8224,1.31739
196164,1,0.16858,1.2884,1.186844
40702,0,0.2019,5.635,3.538581
485928,0,0.22063,3.386,3.477984
491578,0,0.11238,6.7629,5.032046
301283,0,0.27053,4.9257,3.020316
289435,0,0.18732,5.8645,4.697699
299010,0,0.1959,2.8175,5.064263
536490,0,0.21112,5.1996,5.410449
545020,1,0.09463,2.0923,6.206228
507903,0,0.1395,1.8597,1.791436
584024,1,0.32772,5.126,2.473248
273843,0,0.07922,4.1295,3.775799
569300,0,0.10678,4.9257,5.586086
559533,0,0.13424,4.8954,6.102648
289203,0,0.07698,4.472,7.32647
288370,1,0.19633,3.2523,3.049707
622352,0,0.08625,2.7283,4.130887
297373,0,0.27908,3.1761,1.997235
106413,0,0.216,5.6115,3.931501
215987,0,0.14916,4.436,5.548716
593193,1,0.131,2.4144,2.513827
273374,0,0.12577,6.0793,3.365459
601164,1,0.16375,3.4773,3.073566
31009,0,0.13466,4.7292,2.298894
493625,0,0.14299,5.5646,6.65457
559917,0,0.12814,4.5415,5.133951
485727,1,0.05357,4.5994,5.392326
78148,0,0.13955,2.675,3.042774
177976,0,0.10196,2.6175,2.271609
325421,0,0.28484,7.293,4.215093
534655,0,0.0464,2.6276,3.73769
48264,1,0.10365,2.8815,1.468659
93296,1,0.15103,3.3239,4.063205
23779,0,0.38014,4.1716,2.402711
32613,0,0.2598,5.6885,2.054994
460343,0,0.06957,4.1625,2.387847
593782,0,0.2201,3.6061,2.416338
99894,0,0.18604,5.26,4.111483
618860,0,0.12952,1.8441,2.417839
560288,0,0.0814,4.9131,5.690596
611563,1,0.24112,3.448,3.220289
205155,0,0.05538,2.9109,4.873534
145247,0,0.07551,4.5323,4.361983
535591,1,0.13538,3.8774,4.917926
22900,0,0.13252,5.8107,5.558063
138569,0,0.0768,6.1552,7.217102
599441,0,0.13728,3.9154,3.855746
618937,0,0.05548,3.8101,3.696648
381242,0,0.32166,4.4275,1.806647
64743,0,0.14903,5.1814,6.031884
457615,0,0.04782,2.7008,2.411136
203386,0,0.23867,2.7635,2.715852
49252,0,0.14752,6.388,5.508599
179410,1,0.19869,2.8593,2.4734
227617,1,0.05426,5.5187,5.714926
251178,0,0.22437,2.723,2.031124
610129,0,0.06513,4.5637,5.649655
106767,0,0.11375,3.7359,5.635732
592909,0,0.07729,3.5304,3.903781
610258,0,0.27059,4.768,3.370279
7288,1,0.17892,3.2043,1.788006
14776,0,0.12426,5.7302,4.472874
93262,0,0.14833,2.8411,2.412093
271538,0,0.07636,3.8234,6.079477
372795,0,0.0951,4.9395,5.317723
289380,0,0.11015,4.1595,3.142378
214936,1,0.19395,3.723,2.569053
215981,0,0.12262,2.9155,1.856444
40401,0,0.14624,3.3488,3.746669
53935,0,0.10639,2.845,3.550009
550227,0,0.07113,1.8227,1.748214
396579,0,0.19251,3.1879,3.945468
527908,1,0.26077,5.8922,4.719852
36940,0,0.18236,2.7946,1.417539
321388,0,0.25097,1.583,1.106749
508180,1,0.05555,4.1076,5.645057
526414,1,0.1038,6.1235,6.297015
599647,1,0.29877,3.5675,1.887713
56376,0,0.12582,4.9404,4.548242
32237,0,0.17762,3.8223,2.752197
30789,0,0.11362,3.7221,2.435041
300595,0,0.11083,4.2487,5.499259
568226,1,0.12994,2.7347,3.635916
48971,0,0.21507,4.4811,3.185357
49309,0,0.14172,3.8727,3.703847
47941,0,0.08361,3.3761,4.259342
600062,0,0.12467,3.9499,3.204135
517944,0,0.19761,3.25,2.197352
239748,0,0.11272,4.3875,5.826346
230837,0,0.0195,2.1675,1.026966
99934,0,0.08517,1.7067,2.794102
7663,0,0.15088,2.4538,1.427639
16027,1,0.13767,3.3138,3.372384
544330,0,0.08482,4.3179,6.25559
549096,1,0.12941,4.5925,3.374749
64374,0,0.2187,3.0967,1.923184
418740,0,0.0981,2.7404,1.676763
549076,1,0.18785,6.6512,8.02039
30274,0,0.2036,2.9958,2.64815
215039,0,0.0671,5.6401,6.440518
239877,0,0.22828,2.2768,2.356223
376705,0,0.05208,5.5804,8.80832
396871,0,0.07685,1.3057,1.144107
8983,0,0.20035,4.7655,3.934481
184488,0,0.11728,7.8348,7.86423
39419,0,0.12094,3.6493,4.283294
568406,0,0.16839,0.3987,0.3391467
559859,0,0.05143,3.6713,4.918377
378130,0,0.14447,0.5984,0.3510272
144640,0,0.08226,4.5755,4.243294
77521,0,0.13521,4.4077,3.238996
77650,1,0.12772,1.8285,0.8280798
382424,0,0.10011,2.6309,2.192701
320940,0,0.08394,3.7394,4.188294
508137,0,0.09275,3.5884,3.927662
486463,0,0.13162,2.8399,2.18069
273654,0,0.07445,4.6825,4.077754
609289,1,0.10635,2.4671,0.8791478
55771,0,0.0821,4.0622,4.005027
535764,0,0.07699,4.4201,6.432845
346894,0,0.0573,3.0984,4.409055
324847,0,0.09771,3.5248,3.41965
592425,0,0.09572,3.8201,4.963309
418693,0,0.05126,2.8058,4.49472
386829,1,0.12466,1.3501,1.651365
535638,0,0.10686,2.8745,2.360769
208755,0,0.27085,6.1967,4.088326
617524,1,0.13366,3.2255,3.127163
544304,0,0.08403,4.171,6.518855
300936,0,0.2643,4.2276,2.552385
460321,0,0.10293,4.8174,6.193909
238992,0,0.10938,4.242,4.592577
584728,0,0.1658,3.3246,1.635729
492093,1,0.10246,2.6208,1.908168
99820,0,0.10924,6.7388,6.9168
91580,0,0.1838,2.269,0.6632695
517682,0,0.07686,3.5035,1.739984
377167,0,0.27995,4.5144,1.459937
298139,0,0.0937,1.5735,0.6576785
289563,1,0.18732,3.6321,4.494247
623610,1,0.20665,4.4971,3.768109
323805,0,0.0961,5.9338,4.840155
64304,0,0.10452,3.6231,4.417762
70275,0,0.12782,3.8293,2.793793
70278,0,0.16679,3.9602,4.0654
220333,0,0.08135,4.3482,2.723386
228013,0,0.11731,4.4489,4.634145
230289,0,0.07957,4.4655,6.494167
574257,0,0.19301,5.9499,3.719515
396944,0,0.10126,4.7788,5.07301
560194,1,0.12583,2.3106,2.022695
23315,0,0.11178,3.8908,4.759139
318823,0,0.129,2.583,4.014037
273542,0,0.07536,3.5696,3.610803
617559,0,0.11344,3.8285,4.259211
387715,0,0.03884,3.3886,4.532494
512169,0,0.05462,4.751,5.675391
271481,0,0.11208,2.8436,1.938753
65214,0,0.0753,6.0995,5.659188
346888,1,0.05679,6.2551,7.416068
544430,0,0.10028,2.5294,3.279172
84533,0,0.22878,3.5795,1.125241
220502,0,0.02008,3.3429,3.906345
227607,1,0.05353,1.9226,0.5727471
485047,0,0.04771,3.8376,1.965653
220840,0,0.18852,6.0463,3.540144
31719,0,0.17755,4.6786,4.5072
39670,0,0.13578,4.381,4.112702
202366,0,0.21363,2.6795,2.574008
594187,1,0.13905,1.5202,1.216706
79810,0,0.04316,3.7801,5.893592
549219,0,0.15595,3.9033,2.676471
64129,0,0.21841,5.1328,3.991141
561983,0,0.12234,2.8335,2.005467
460616,1,0.12011,6.6676,6.361797
534971,0,0.0793,3.9621,6.366925
574512,0,0.10163,4.3064,6.231577
290323,0,0.0851,4.3656,4.569725
485127,1,0.08029,3.632,2.147012
525737,1,0.16786,3.5375,3.535022
196194,0,0.05086,7.0153,6.140347
301076,0,0.25385,6.4504,5.831781
594845,0,0.08569,3.3054,3.817651
301505,0,0.10922,3.0544,3.393144
301906,1,0.22068,3.5998,2.815404
320415,0,0.13855,5.8753,4.374659
214829,0,0.1102,3.3962,3.870486
348010,1,0.09206,1.4037,1.840105
202409,1,0.15945,3.7277,3.107952
618131,0,0.05312,4.4757,7.06399
145646,0,0.18671,2.4454,1.94096
220814,1,0.22109,8.7519,2.406856
544054,0,0.13939,4.4948,4.295153
320754,0,0.13736,4.8337,3.902837
347964,0,0.05661,3.0666,3.26394
584301,0,0.10766,3.6514,3.862868
378069,0,0.19323,4.0094,3.342924
386922,0,0.16024,5.9292,2.297274
83995,0,0.31071,0.5554,1.145944
318729,0,0.16645,5.0624,4.234104
485880,0,0.12151,6.4662,6.235955
273838,0,0.07667,3.1944,5.479604
251792,0,0.07272,3.0521,2.352358
505313,0,0.05483,6.178,4.899038
16567,0,0.07819,4.039,4.763505
186405,0,0.07455,4.4606,6.223468
202678,1,0.20193,3.3805,3.105494
228580,0,0.23837,2.1135,1.55005
31861,0,0.18175,5.8328,4.924465
320114,0,0.11944,3.8889,3.141341
23265,0,0.07795,4.0327,7.060574
77614,0,0.11636,4.412,5.045295
522076,0,0.06009,4.0055,3.366742
238650,1,0.19038,3.2837,2.094359
493838,0,0.04316,3.4652,4.248704
568084,0,0.12773,6.7478,7.144848
561231,0,0.20066,3.8354,3.554438
47152,0,0.08258,4.3154,5.189804
63955,0,0.13126,6.1908,4.580609
289301,0,0.19494,2.9029,4.246679
297325,0,0.18916,3.4715,1.696583
321452,0,0.09727,4.4175,3.007904
220511,0,0.07769,5.3094,2.557318
62589,1,0.12847,5.7743,4.978613
184361,1,0.17056,3.6533,2.335909
202360,0,0.03576,4.0345,3.66421
380963,0,0.165,2.3778,2.175074
70166,0,0.10914,3.8446,2.641553
548831,0,0.10848,1.9698,2.113628
288082,0,0.15571,3.1016,2.575923
561274,0,0.08199,5.7716,5.618398
210146,0,0.09376,4.0366,4.484621
31775,0,0.08236,3.4451,3.788707
348219,1,0.0853,3.4695,2.54771
324856,0,0.181,4.7541,4.116712
15390,0,0.14463,2.0384,3.013442
100125,0,0.11327,5.5115,4.845584
239217,1,0.14373,3.1948,1.789092
210956,0,0.14201,2.9658,4.190064
78350,0,0.05433,4.0105,5.494526
70670,0,0.08193,4.2581,5.974175
204058,1,0.09659,1.4807,0.6934402
486404,1,0.13267,4.9314,4.31325
548954,0,0.08056,2.7336,4.28496
551505,0,0.05626,2.6744,3.559742
186013,0,0.10048,9.1637,2.817168
185892,1,0.20134,4.277,3.470089
99209,1,0.15939,4.0016,3.585885
70882,0,0.12653,2.2937,3.81327
83903,0,0.10716,2.5563,2.803279
372450,0,0.16224,4.1613,4.268321
373237,0,0.01749,5.9465,3.884974
205183,0,0.05562,2.6298,1.692927
209866,0,0.25557,4.0962,3.150605
288105,0,0.16453,3.0006,3.730797
271617,0,0.07641,4.7862,3.607131
567543,0,0.05233,3.3408,3.129236
567580,0,0.239,4.5832,2.924098
288803,0,0.04852,5.195,5.670604
507709,0,0.12635,2.3202,1.245802
32405,1,0.12221,3.4291,4.185482
534660,0,0.13116,5.3478,5.689533
15113,0,0.17399,2.8083,4.155788
346213,0,0.07257,3.4239,2.995875
325320,0,0.08703,3.0629,3.703836
375994,0,0.13374,6.1411,4.642967
79836,0,0.04478,2.5894,3.218732
491442,0,0.12899,8.9748,1.501078
197864,0,0.13405,3.8837,4.029216
272997,0,0.07733,3.5144,3.888197
380697,0,0.0733,3.1877,4.614865
535424,0,0.08066,4.3949,2.554905
599738,0,0.18956,3.6654,3.321251
575412,0,0.05487,3.3793,2.895846
378104,0,0.0851,4.9653,5.290026
287655,0,0.13482,3.5487,2.467257
619311,1,0.07848,8.2644,5.247694
623568,1,0.20731,1.4593,1.606306
622861,0,0.19923,2.5536,1.589042
425646,0,0.18913,2.0785,1.428898
238212,0,0.05452,4.5023,2.400845
31449,0,0.13134,1.491,0.7120825
549412,0,0.15793,2.6832,1.97346
30470,0,0.07782,7.829,4.261073
584795,0,0.16837,4.7971,5.473892
544755,0,0.05358,3.9438,6.358128
545259,0,0.14958,3.5699,2.772473
373057,0,0.16528,4.032,4.20567
320110,1,0.21622,4.9131,4.406522
92580,0,0.13075,2.9024,3.093652
527361,0,0.08841,2.5445,2.293556
219839,1,0.13379,3.8673,3.696653
54641,0,0.25491,2.9922,1.544098
586641,0,0.11575,2.9394,2.383566
144164,0,0.17069,4.3693,4.891065
559943,1,0.24824,5.1079,4.67763
560287,0,0.08148,4.9739,5.157438
144565,1,0.09932,4.1227,5.469538
324244,0,0.11469,3.7597,2.280774
545820,0,0.21932,3.7188,3.594123
16684,0,0.14772,2.6032,4.561871
39418,0,0.11784,4.662,4.202057
371841,0,0.15683,4.7084,7.050003
593852,0,0.13083,4.1341,3.49448
23319,0,0.07783,2.9271,2.721169
273266,0,0.18635,2.5507,2.962832
320339,0,0.10937,3.2888,4.559685
62361,0,0.08299,4.8058,4.308505
610478,0,0.10504,5.4537,6.735628
319337,0,0.05223,2.1834,2.088964
301507,0,0.10542,4.1997,3.030711
386969,0,0.20042,3.8746,4.372363
22638,0,0.07788,3.1188,2.204935
320889,1,0.08375,3.062,3.499499
323886,1,0.07173,4.9109,3.980504
534763,0,0.02827,1.9612,2.267371
91787,0,0.14269,4.3386,4.684886
297305,0,0.18947,4.8793,2.452105
16484,0,0.17732,3.1579,3.249693
23634,1,0.28598,2.2322,3.920405
14975,0,0.11381,5.2125,5.303609
319606,0,0.07874,4.3183,5.355304
91587,0,0.10496,3.7554,4.1244
536031,0,0.06036,6.2193,8.038399
289562,0,0.18653,6.3332,4.118147
574044,1,0.14874,6.0863,3.976834
593804,0,0.21967,5.1112,4.511482
320337,0,0.10956,4.3698,4.843701
534760,0,0.05253,3.9843,4.732338
32202,0,0.07562,2.2105,1.108885
106648,1,0.20205,1.8916,1.818216
300611,0,0.11157,3.3929,4.641238
227241,0,0.17467,2.0554,1.380292
54555,1,0.10818,5.7221,5.211009
622537,0,0.16592,4.0681,4.974956
23082,0,0.07853,6.1064,9.852512
618942,0,0.05577,3.2364,2.473883
346889,0,0.10568,3.4446,2.75726
600067,1,0.21817,4.5105,4.47041
611660,0,0.14868,5.8293,5.465897
30888,1,0.12196,8.052,5.41073
21994,0,0.07297,4.4439,6.196187
31824,1,0.1832,3.6309,3.127785
567766,0,0.1356,1.0638,1.724565
106562,1,0.12678,3.0134,4.020722
64279,0,0.22055,3.8328,1.941127
70339,0,0.25311,3.7663,1.57309
65447,0,0.13823,3.497,6.026756
512479,0,0.10509,3.651,2.300949
536715,0,0.19157,3.2446,2.718938
98067,1,0.09294,4.3375,4.703348
99172,0,0.11319,3.6428,4.213815
544260,1,0.04827,2.5477,3.433837
551619,0,0.05628,5.1822,7.241155
251074,0,0.08601,4.3949,4.90966
690357,0,0.16873,6.1369,8.01801
381539,1,0.08779,4.5401,6.751179
319841,0,0.11554,5.209,3.098944
278493,0,0.09575,3.3091,2.822497
575512,0,0.34804,3.4779,4.279247
21951,1,0.09946,4.179,4.598996
228111,0,0.03948,3.8568,4.988884
492266,1,0.15598,2.3399,0.9466168
388423,0,0.08554,3.6576,2.619023
388552,0,0.08583,2.8231,2.746422
7568,0,0.15753,5.4551,6.144048
220071,0,0.17124,2.3456,1.233226
221279,0,0.13261,1.6544,0.6888134
209806,1,0.26226,3.765,3.900602
209683,1,0.1567,2.7469,2.836864
7969,0,0.08555,5.61,8.114167
381221,0,0.0504,4.1278,3.852692
382538,0,0.05589,3.5305,3.176929
143924,1,0.12655,0.9386,0.5220973
594946,0,0.04385,1.6206,1.540983
537136,0,0.11984,6.9437,4.708375
49251,0,0.14897,6.6361,4.405419
30522,0,0.10797,4.2887,5.923608
287596,0,0.07455,4.2859,5.63106
39175,0,0.10647,2.9916,2.273249
287851,0,0.2238,4.4999,3.462035
273192,0,0.1864,5.1518,2.942714
40340,0,0.16952,1.3375,3.17787
372176,0,0.07034,5.5656,6.378343
143600,0,0.14399,5.9296,3.854648
346255,0,0.10754,3.9785,4.52453
6884,0,0.10511,2.2188,0.8738975
93393,1,0.10922,2.5719,2.642844
289113,0,0.02384,2.388,3.147683
239561,0,0.11271,5.5731,6.55667
383113,0,0.14282,3.0324,3.004615
22524,1,0.26556,7.3727,4.834312
143894,0,0.13503,4.2789,5.361059
32019,0,0.06315,2.1982,2.127628
536237,1,0.08254,3.5285,5.930984
47851,1,0.12375,2.1808,4.011129
493834,0,0.03456,2.6216,3.153134
106869,0,0.12307,5.3628,5.131687
549296,0,0.05217,4.4241,6.206002
271492,0,0.13315,3.9601,3.354319
41402,1,0.20922,5.9135,5.409724
40830,0,0.03498,3.5743,5.4669
69629,0,0.10744,3.4129,3.893246
77881,0,0.12327,4.4424,4.545823
372130,0,0.07189,1.8951,1.475469
372193,0,0.07275,2.2699,3.414552
593535,0,0.16322,3.9638,2.623479
84734,0,0.07641,5.0251,5.329595
106766,0,0.17028,2.4306,2.830288
221064,1,0.24204,3.6489,2.079375
551508,1,0.17704,6.2546,5.629703
215160,1,0.05109,3.6269,5.868631
47568,0,0.18676,4.7791,3.416726
536432,0,0.13013,4.7867,6.537574
98723,0,0.19953,3.42,3.066546
549525,1,0.2676,4.7411,6.101444
535089,0,0.1702,3.4924,2.9201
63417,0,0.13917,2.531,3.088654
319197,0,0.0552,2.2248,1.948058
569058,0,0.1365,3.0864,5.308828
203951,0,0.20618,4.7586,4.654644
505583,0,0.14203,6.1689,3.298914
106569,0,0.14532,4.8761,4.895649
98551,0,0.13291,4.1438,3.480021
214373,0,0.26798,2.7472,2.305925
593810,0,0.12298,4.5144,4.310883
30685,0,0.11855,4.271,4.320748
592682,0,0.16764,4.0093,5.585549
14472,0,0.11436,1.8284,0.7685151
567993,1,0.14138,2.7753,2.665283
228655,0,0.23156,2.2911,1.718821
47674,0,0.03847,3.5568,7.35434
575098,1,0.16547,4.9665,2.61849
559735,0,0.24296,7.0775,3.729596
250192,0,0.05594,2.8977,1.465787
197908,1,0.23202,2.2126,0.04948542
30983,1,0.24328,4.6346,4.377958
84050,0,0.11895,4.8423,3.861803
228890,0,0.03051,4.4527,5.097301
62494,0,0.13845,5.1201,4.570981
601248,0,0.07022,5.7082,5.684583
138143,0,0.09505,2.3034,1.812927
220294,1,0.13582,1.7371,1.709119
219992,0,0.07814,1.7884,2.371758
230202,0,0.17957,5.9762,1.893949
30854,0,0.10794,4.3026,3.10582
346140,0,0.13347,4.9177,3.521015
106188,1,0.12655,4.5132,5.929448
15689,1,0.12623,4.0198,5.988165
92069,1,0.10087,4.7512,4.971245
105613,0,0.16167,5.8004,5.415042
99928,0,0.07709,3.8952,3.34476
543489,0,0.05312,4.8889,7.347819
584727,0,0.16567,3.5942,2.235126
505258,1,0.12996,4.1634,3.628551
15620,0,0.15918,6.001,4.081504
460767,0,0.04773,3.6613,3.37401
271821,0,0.21779,4.2453,4.555787
272585,0,0.13913,7.5626,8.02047
273567,1,0.07459,2.4673,1.423795
279564,0,0.24297,1.6776,1.035665
297483,1,0.21088,4.7835,4.659605
144246,0,0.18769,4.5164,2.274935
526747,0,0.07683,4.4206,4.058904
65451,0,0.13865,4.1337,5.895396
62815,0,0.14,2.4816,1.883404
63665,1,0.25314,2.7713,2.128033
511587,0,0.14549,3.6318,5.006125
618929,0,0.05575,4.112,8.0718
40668,0,0.18452,4.8058,2.264707
487060,0,0.08386,2.7199,1.980581
560456,0,0.16811,5.36,4.312023
388559,1,0.08676,5.8429,2.036374
463295,0,0.18275,4.478,2.759031
63579,1,0.17428,1.6297,1.298067
598929,1,0.08092,4.143,3.326501
184263,0,0.15496,4.8318,4.904432
517501,0,0.10643,2.7143,2.993737
8573,0,0.1271,3.34,3.757151
65408,0,0.04338,3.6909,5.356316
619069,0,0.12998,1.9678,3.522982
220221,0,0.07874,4.8727,5.232148
298144,0,0.11827,4.5571,6.107555
525759,0,0.1691,5.9455,5.835426
622476,0,0.10312,5.4264,3.456025
107055,0,0.1504,3.1027,2.432896
347268,0,0.33812,3.4637,1.250711
493213,0,0.1152,5.0155,2.074004
497106,0,0.19696,2.4098,3.430921
32367,0,0.15804,4.5687,3.713666
84933,0,0.11006,4.4989,5.629258
348012,0,0.14266,3.3147,2.983806
397367,1,0.13305,4.3419,5.57783
460378,0,0.02923,1.8989,1.026693
107732,0,0.2161,3.8582,6.050812
28759,1,0.07744,1.8203,1.799995
221051,0,0.10013,6.2193,6.689042
39938,0,0.22644,4.9831,2.253719
505490,0,0.1154,3.0784,1.87708
92936,0,0.12075,4.6881,4.173449
91846,0,0.14396,5.1599,4.893409
9062,0,0.02167,4.7836,7.053789
559792,0,0.13034,5.1943,6.378967
573681,1,0.20799,3.4128,3.319422
574259,0,0.17324,6.0834,2.977247
371218,0,0.09737,2.777,4.674357
288947,0,0.04757,2.177,1.810417
63513,0,0.13847,4.5919,3.581341
506120,0,0.08431,3.2081,2.230674
610665,0,0.15799,4.9895,4.381807
570366,0,0.07576,4.3,5.654154
485417,0,0.20364,2.8981,1.529202
91362,0,0.24068,3.1995,2.12693
77619,0,0.13554,8.362,6.239467
568491,0,0.10176,4.1741,5.213403
79866,0,0.04393,5.601,8.609282
239527,1,0.13945,2.4082,1.619293
422994,0,0.21128,2.8551,2.754595
381068,0,0.0756,3.0401,2.292466
215721,0,0.08898,3.6454,7.69011
617515,0,0.1133,6.4069,5.006563
610937,0,0.09812,2.3676,3.955532
584959,0,0.20259,3.6093,5.871614
228531,1,0.25767,2.6871,2.865258
622788,0,0.07083,3.3159,2.300194
527265,1,0.15521,3.433,1.678939
15968,0,0.16151,4.3216,4.853679
239797,1,0.15078,5.1787,6.00892
492267,0,0.05498,4.1658,2.889681
505264,0,0.13003,6.0101,2.260137
372177,0,0.07238,2.3225,1.005618
387594,0,0.31403,7.6052,6.585298
346839,0,0.05855,3.0648,3.030251
560509,0,0.17001,3.3076,3.992787
487110,0,0.1087,4.5886,4.864962
185806,1,0.22329,2.9379,3.594077
99491,0,0.13311,3.4284,2.54539
70017,0,0.06031,2.0797,1.591458
69716,0,0.09275,4.0796,4.40319
238458,0,0.07754,6.0784,7.561536
15481,0,0.05408,4.5764,8.530338
611175,0,0.18271,3.8501,2.898278
64372,1,0.15174,3.123,1.779122
527285,0,0.12772,5.2628,6.326802
143536,0,0.11776,6.1498,7.271944
143301,1,0.13099,2.6265,0.5584226
387554,0,0.05114,4.1659,4.443448
63968,0,0.12578,3.8266,1.910479
386764,0,0.19586,4.6907,3.229303
387042,0,0.07174,2.98,2.894506
387562,0,0.30278,3.6397,3.098334
381214,0,0.05227,2.8308,2.768938
99151,0,0.08592,3.0962,2.606676
545454,0,0.07204,4.3572,5.408965
31754,1,0.09599,2.7275,2.095544
272833,0,0.08251,4.402,2.973677
319398,0,0.05458,2.1579,2.545564
301233,1,0.26485,6.3234,2.241641
347368,0,0.10115,5.2136,6.435136
9158,0,0.11095,3.2363,4.171461
536963,0,0.08293,4.0742,5.564534
618912,0,0.05577,2.5427,3.592669
209589,0,0.22311,2.306,1.631217
144826,0,0.18033,3.6322,2.163866
536430,0,0.11477,3.4858,4.278582
39629,1,0.12174,4.8434,4.274363
15816,0,0.12508,2.9777,3.866738
617893,1,0.19231,3.8199,5.319485
609360,0,0.18603,3.9694,5.104529
599977,0,0.10921,7.3468,2.038706
184575,0,0.09507,4.0703,1.675139
301894,0,0.13107,4.1079,3.96328
23880,1,0.2516,5.2984,6.378239
49051,0,0.08127,3.9569,4.240972
215692,0,0.11146,3.5962,3.365426
618869,0,0.12939,4.6496,3.652509
184013,0,0.07651,2.0183,1.372569
575586,0,0.14175,4.9,3.729613
417864,1,0.19701,5.7817,5.237608
511558,0,0.08274,4.1435,3.791798
622934,0,0.13195,2.8811,1.793362
584883,1,0.16768,3.9086,4.718364
184720,0,0.12525,3.4459,5.261768
372131,0,0.07,3.3797,3.16545
371427,1,0.11754,2.6543,2.286452
514025,0,0.12453,2.6261,1.497868
15922,0,0.10452,3.6222,4.709575
198815,0,0.13654,4.2706,7.04266
237771,1,0.17673,5.91,5.129758
79629,0,0.17533,4.0564,4.463607
418182,0,0.19394,4.1679,5.171801
297304,0,0.09789,6.3037,5.963533
288402,1,0.15798,3.2716,4.622716
514194,0,0.14495,3.7526,0.8439282
231347,0,0.18945,4.8346,5.111475
48013,0,0.07241,5.0689,6.760768
592998,0,0.05498,2.9716,3.010857
382158,0,0.05774,3.2281,3.133066
48076,0,0.16935,1.8315,2.22928
49412,0,0.14986,4.1896,5.898215
271977,0,0.09389,2.4678,1.811358
79834,0,0.04384,3.2633,9.656027
512889,1,0.30585,5.1893,3.255338
319395,0,0.05413,4.3114,4.211383
302269,0,0.12417,4.0857,5.56455
536235,0,0.08186,6.2055,3.569186
505429,0,0.1343,2.5749,3.166776
297762,0,0.11356,4.8349,2.666904
298171,0,0.27623,6.728,4.487199
376247,0,0.0422,4.857,5.103814
601625,0,0.07349,4.8529,4.517885
79302,1,0.07346,3.7737,3.634995
325467,0,0.0852,4.8519,5.426513
491593,1,0.1131,4.5235,5.037533
518041,1,0.11345,2.1493,0.4876206
346211,0,0.19612,6.2846,2.346174
567986,1,0.13976,4.9466,2.87598
143269,0,0.07707,4.5186,4.881707
32369,1,0.15833,2.2603,2.881912
536361,1,0.11102,6.1692,3.037042
324356,0,0.11801,6.4339,7.60663
184265,0,0.10575,3.2528,2.945749
30466,0,0.07763,3.6805,4.681258
204093,0,0.09503,2.9021,2.657824
298907,0,0.08706,3.2335,4.604483
55489,0,0.12138,3.3916,3.283302
526740,0,0.24562,6.3778,3.3556
599876,0,0.17879,9.9597,5.087836
63361,1,0.16158,2.3989,1.342612
70022,0,0.05987,5.2486,8.357192
63129,0,0.14939,3.6188,3.249532
144053,0,0.16348,3.4045,3.55552
273413,0,0.07502,6.6221,4.108447
559490,0,0.04739,2.3163,3.398002
592737,0,0.12398,7.6725,4.376122
511890,1,0.05549,2.4555,2.238084
512102,0,0.12101,4.5991,1.737867
205178,0,0.05609,2.4339,1.37456
536146,0,0.26056,3.7561,2.536041
78191,0,0.1673,3.3354,3.258355
79104,0,0.17947,3.5315,4.293615
536802,0,0.17981,3.5855,4.507126
228564,0,0.03002,2.8765,9.711362
185049,0,0.15008,3.9853,4.267801
240055,0,0.14965,8.2102,5.640884
39582,0,0.07697,3.9169,3.20354
39585,0,0.12254,3.3311,3.05114
423108,1,0.18787,0.4986,0.2907485
63209,0,0.13202,4.2254,3.984723
107763,1,0.21163,5.5468,1.042663
144863,1,0.15499,8.7335,2.866462
92466,0,0.05542,2.6037,4.246453
92592,0,0.08527,3.8135,5.230867
208662,0,0.1546,2.7734,3.41407
505827,0,0.17398,0.818,0.4566371
508635,0,0.12186,3.6592,3.212109
63020,0,0.12675,2.4098,2.176823
93803,0,0.03983,3.97,6.493324
534758,0,0.07805,5.9807,4.59412
272435,1,0.13287,4.6785,2.192786
272438,1,0.07873,4.1125,4.268945
560406,1,0.084,4.3355,5.888816
238993,0,0.16952,4.9752,3.902866
371409,0,0.29017,4.1018,4.619027
377964,1,0.19832,6.23,5.996874
15444,0,0.0544,2.9025,3.143918
545805,0,0.1454,5.4544,5.785598
106198,0,0.16967,4.243,4.14332
216599,1,0.20504,1.5203,1.228759
318900,1,0.17725,1.4143,0.7963205
548839,0,0.35809,2.9437,2.1923
544540,0,0.13359,4.7698,2.259416
377277,0,0.10158,4.7117,5.548991
583366,0,0.09809,2.9995,4.129176
594051,0,0.13694,3.52,3.635366
526388,0,0.08679,1.62,1.942655
55097,0,0.09395,5.1377,5.610547
543543,1,0.05596,2.3415,3.758147
543672,0,0.11185,2.3177,1.585842
611148,1,0.12349,2.3005,3.234901
136691,0,0.10519,4.1255,3.035932
599475,1,0.13021,3.4472,2.149979
485882,0,0.05285,3.9905,4.885737
272829,0,0.08328,2.8941,4.288667
273748,0,0.15926,5.8637,5.207447
585384,0,0.11656,3.8768,3.646723
197338,0,0.24453,2.5381,3.412773
289395,0,0.18781,5.3594,4.718293
381216,0,0.13139,2.721,2.372581
40338,0,0.25813,8.0828,3.820378
65416,0,0.04609,3.737,3.957499
560978,0,0.18451,4.3723,3.053377
544262,0,0.15112,3.3054,4.521718
238159,0,0.05415,1.0657,0.5236201
238540,0,0.07774,2.8645,1.997804
238265,0,0.18475,5.4005,4.102904
205089,0,0.05698,3.5341,2.144013
64586,0,0.13682,3.8652,4.996082
623743,0,0.15684,3.6953,3.834722
622123,0,0.20893,6.3731,5.227436
227611,0,0.05567,4.7502,5.708275
143180,0,0.07743,3.6586,2.955883
463142,0,0.02583,4.2101,9.487193
78523,0,0.05592,1.7459,1.131557
231304,0,0.19,4.8593,4.227198
543537,0,0.05385,3.2182,3.787262
210147,0,0.09424,5.6056,7.087848
318612,1,0.04721,2.8867,3.371173
560191,0,0.12445,7.2088,5.131966
550090,0,0.12908,1.7907,1.148246
600058,0,0.17669,4.3599,4.906742
396583,0,0.07369,3.0857,2.483411
460324,0,0.07025,2.5718,1.400914
290365,0,0.11078,4.597,4.933906
288727,0,0.07821,4.8425,3.915561
23905,0,0.15359,4.2368,4.968344
618904,0,0.05529,3.787,3.786514
592418,0,0.05381,3.1773,1.698111
93132,0,0.07221,2.0004,3.603343
91686,0,0.0546,3.6932,3.289208
15034,0,0.12539,4.4886,3.401721
517685,0,0.10697,5.381,5.32138
594184,0,0.1054,3.7758,5.180867
91961,0,0.07737,5.8367,4.835326
623862,1,0.16505,4.435,5.758106
78155,0,0.1739,4.9423,4.156077
535365,0,0.10522,4.6204,4.465547
521383,0,0.08224,4.5278,4.932453
239556,0,0.10947,4.6815,6.400787
585355,0,0.09955,2.8776,4.743187
600501,0,0.0533,3.1768,4.020044
278122,0,0.12469,4.5688,6.782834
559057,0,0.1065,3.8139,1.914152
272122,1,0.30946,5.2382,2.395981
77878,0,0.27757,3.8016,1.192653
221055,1,0.20117,3.2206,2.690144
300762,0,0.09597,1.8383,1.391646
84899,0,0.12507,1.5508,1.038674
210375,0,0.05446,4.4807,5.629097
229393,1,0.11283,2.2971,2.289023
347100,0,0.2048,4.3568,5.889792
71028,0,0.07829,2.9584,3.037931
77345,0,0.05392,4.9131,7.472933
220499,1,0.04783,6.0382,6.303991
534679,0,0.10561,3.0609,2.619325
508107,1,0.12615,2.6158,4.010056
79750,0,0.0997,5.5327,6.47872
573716,1,0.21334,3.5238,2.614826
601094,1,0.08771,2.3315,1.549158
382291,0,0.05681,4.1695,7.923946
227481,0,0.18373,3.3257,3.548016
559544,0,0.1379,2.3551,2.550403
197391,0,0.25962,2.5878,2.149172
77517,0,0.17942,5.4673,4.824181
561227,0,0.11632,7.5508,6.212666
559398,0,0.09695,4.4372,3.230225
47258,1,0.05198,1.0289,0.6120959
288040,0,0.13301,4.7237,3.33187
144504,0,0.14406,2.0058,1.681223
145417,0,0.15923,4.2312,6.049303
203817,0,0.2685,3.8654,3.555759
598947,0,0.07711,5.8709,6.790296
559432,0,0.07901,3.7357,4.207317
15518,0,0.08547,4.4096,5.242519
347395,0,0.0973,3.7749,4.189585
230455,0,0.07755,3.298,2.676669
210541,0,0.20325,4.4852,3.26129
70490,1,0.09491,2.7481,1.748548
39472,0,0.07858,3.759,5.372379
535532,0,0.13229,9.1338,3.230972
609329,0,0.10583,7.5169,7.628102
54557,0,0.16185,7.2773,3.996728
373168,0,0.08778,3.9699,5.263132
375564,0,0.04922,3.3206,4.333127
216366,0,0.14586,2.4785,3.400269
205177,1,0.05685,0.6135,0.2522849
507721,0,0.07721,3.3915,5.253911
508104,1,0.13917,4.4163,4.678212
62698,0,0.13485,3.4442,2.619386
144012,0,0.07705,3.4963,5.301119
78530,0,0.05627,2.7222,4.018959
93807,0,0.04042,5.9921,7.744893
371820,0,0.32515,7.5682,5.833027
543553,0,0.05477,3.6145,2.431571
569545,1,0.21881,5.5494,5.473797
559521,0,0.13736,3.4249,3.430951
546056,1,0.11057,2.7928,2.705751
559335,0,0.15714,3.5115,3.632939
535014,0,0.0798,4.9243,4.006081
40614,0,0.11312,4.4158,4.671812
7039,0,0.1345,4.3747,5.579954
509885,0,0.07738,2.4044,1.404247
216406,0,0.16227,4.2448,4.068433
229001,0,0.14754,2.9756,1.423672
508144,0,0.05702,3.4683,7.447002
505952,0,0.04308,4.1193,3.527161
486683,1,0.20454,3.6302,1.822113
371943,1,0.10703,3.2358,3.730267
497035,0,0.07684,3.1636,2.959037
84461,1,0.07856,3.5952,3.814529
228743,1,0.1378,1.4389,0.7347036
220216,0,0.07831,4.0798,5.375587
30752,0,0.15709,5.4385,4.389671
70186,0,0.07744,2.0658,3.756434
62824,0,0.13888,4.2853,4.125072
324183,0,0.12261,3.4177,2.203231
609876,0,0.12631,3.6961,3.641542
622362,0,0.08574,1.2552,0.783931
619170,0,0.12005,4.0126,4.541013
298228,1,0.11333,4.8667,4.985558
289102,0,0.0222,5.7032,3.064821
543676,0,0.11534,2.5989,2.094004
460762,0,0.15319,2.0699,1.788701
31127,0,0.1656,2.7247,3.516763
423470,1,0.11663,6.1968,6.176222
319771,1,0.29651,5.0695,4.31028
319070,0,0.03883,3.0499,4.443881
537184,0,0.1195,1.9563,2.166505
23381,0,0.0781,3.1233,1.822583
573839,0,0.15489,4.3836,4.023936
185154,1,0.17382,2.4269,0.9040964
298199,0,0.12898,3.3664,3.805621
70636,0,0.08585,2.5719,2.613133
106200,0,0.20125,4.2805,4.193375
205085,0,0.05401,3.8741,2.244463
184999,0,0.16496,4.044,4.107308
99121,0,0.07854,4.577,4.13548
239656,0,0.13786,6.0402,3.09871
485060,0,0.29425,3.3774,0.9692444
381157,0,0.05233,3.7621,6.016565
600321,0,0.15764,3.5758,4.25728
527546,0,0.16027,3.7061,5.106966
272967,0,0.0778,3.0872,4.55906
205211,0,0.05357,3.9103,3.642094
560514,0,0.12027,2.4836,5.249784
48735,0,0.05591,2.3925,2.665398
618466,0,0.14046,4.7712,3.878531
55098,0,0.09399,2.4359,2.231289
144135,0,0.16934,4.1682,6.35964
136624,0,0.04504,2.3902,3.054511
84862,0,0.10501,4.1418,2.771563
536434,0,0.05967,1.4102,1.688873
535415,0,0.136,2.6482,3.658578
39269,0,0.10643,2.3963,2.071521
99439,0,0.30498,0.7147,2.517846
272995,0,0.01802,5.8209,0.8704233
273714,1,0.18398,7.4807,7.230041
70948,0,0.20398,3.4209,2.660054
145729,0,0.03981,1.7985,0.7714474
512945,0,0.14868,3.8688,5.173898
509882,1,0.07823,0.9155,0.9636798
383147,0,0.08899,4.4551,4.666854
486139,0,0.05373,1.7409,3.22675
301692,0,0.11889,2.795,3.178872
185567,0,0.08234,3.7097,4.001213
70410,0,0.17857,5.5859,4.289622
54644,0,0.24773,3.2513,2.889404
214697,0,0.27997,3.5808,1.653008
610120,0,0.0808,4.9868,7.520319
617671,0,0.14649,2.319,1.237878
186059,1,0.08125,2.5008,4.577335
220394,0,0.02051,2.2584,2.195093
567851,0,0.16012,3.5394,3.966393
618612,0,0.08532,5.0295,3.533
505073,0,0.13891,4.4726,3.998427
85704,1,0.18329,4.113,2.919333
92875,1,0.09518,3.0365,3.167925
507772,1,0.1813,1.8117,1.707927
78920,0,0.21014,2.3571,2.914175
486053,0,0.17991,2.6791,1.922878
574343,0,0.19598,3.4141,2.622463
204055,0,0.18524,4.0165,4.256604
507724,0,0.12754,4.5976,4.941176
507790,0,0.12472,3.9736,4.646993
487115,0,0.08347,4.9589,6.136266
611185,1,0.18177,3.1664,3.625264
198631,0,0.0557,3.3773,4.855725
85152,0,0.1692,5.9783,8.522991
422993,0,0.14395,4.8342,7.700296
6840,1,0.19309,3.6694,3.053675
380674,0,0.07332,5.1016,4.002667
220437,1,0.07837,3.7875,4.416539
220841,0,0.19277,3.843,2.335547
227290,0,0.0255,1.7841,1.74534
184734,0,0.2673,9.5633,3.574296
536360,0,0.11167,4.0761,3.331716
238118,1,0.04801,4.1017,5.382809
215482,0,0.16769,2.1843,1.899356
144276,0,0.14617,5.4291,6.21659
371572,1,0.18903,3.2655,5.896445
54687,0,0.10561,4.7923,3.911745
380912,0,0.11184,3.9079,2.966608
550347,0,0.29605,3.2713,1.638981
97918,0,0.07459,3.7292,2.965324
560038,0,0.10691,5.4122,5.083238
600144,0,0.16245,2.6245,1.318652
77976,0,0.26521,4.5156,1.818184
693961,1,0.15059,4.4377,7.484302
30690,1,0.0695,5.3999,7.013424
273684,0,0.1141,4.5257,4.353341
319599,0,0.14917,2.942,1.8655
64041,0,0.08813,2.7895,2.275724
65083,0,0.08261,2.0329,1.598245
220328,0,0.02044,2.5099,1.143224
610904,0,0.12744,4.9968,8.074481
209368,0,0.06615,4.2812,6.881603
250243,1,0.05451,5.0748,3.578594
511586,0,0.13847,5.1719,4.588587
592859,0,0.16816,2.4997,2.90505
198050,1,0.16146,5.855,5.075378
40088,0,0.18905,4.3596,3.94537
47448,0,0.11645,4.3003,3.406619
622454,0,0.10868,9.2117,7.373426
279878,0,0.08733,3.9559,5.40112
298613,0,0.32718,2.4186,3.043739
23070,0,0.07909,3.8322,6.333753
49941,0,0.07732,4.5487,7.247866
569372,0,0.10686,6.7582,7.727184
227937,0,0.102,4.0317,3.806644
321416,0,0.14254,3.2737,3.415044
84894,0,0.10524,5.5576,4.293489
376097,0,0.06765,5.9327,4.923391
239151,0,0.08491,4.2843,4.262401
240090,1,0.11919,1.5544,2.239113
210748,0,0.09099,3.4749,4.907128
525715,0,0.38139,1.7819,1.716745
319527,0,0.08426,3.5768,2.7646
319934,0,0.21598,3.2943,3.922118
373372,1,0.1221,3.6773,2.829329
230567,0,0.04749,3.9751,6.861049
505397,0,0.05732,4.2764,2.391526
145458,1,0.15774,3.9405,5.725848
99466,0,0.12548,8.7987,5.319631
537139,0,0.07028,2.1937,1.726939
375791,0,0.07785,2.3146,3.743673
271611,0,0.075,2.9163,3.243779
323248,0,0.06201,2.2676,0.8437885
543857,0,0.03249,7.6431,2.413879
23388,0,0.11299,4.986,4.865478
418510,0,0.19777,3.1378,2.029675
186105,1,0.08239,1.2832,1.294623
84588,1,0.07894,3.3199,3.333616
568628,1,0.07363,1.2538,0.89749
62209,0,0.07972,3.7791,2.729476
184236,0,0.10547,3.5887,5.028595
41059,0,0.0708,4.3111,4.661464
569547,0,0.18049,4.1219,4.570561
320549,0,0.07741,2.0217,1.606409
381155,0,0.05057,2.5533,1.171016
279652,1,0.33625,1.9311,1.195162
271846,0,0.13252,3.8278,6.002347
663510,1,0.13751,2.9871,2.374341
383050,1,0.20105,3.8715,3.52859
239214,0,0.14354,6.111,3.590277
84860,0,0.19909,2.7822,2.392638
545522,0,0.14477,3.2255,3.190535
16724,0,0.15015,5.3109,5.658596
509433,0,0.14947,4.9437,4.424536
144996,1,0.11056,6.159,8.886211
78076,1,0.25952,1.8971,1.917265
647226,0,0.05557,0.6562,0.08596005
186719,0,0.29181,3.0083,2.43232
144004,0,0.16595,5.4186,3.662935
560836,0,0.08227,2.559,3.141059
62244,0,0.05329,4.5813,5.857063
62564,0,0.14027,3.8484,2.359462
561180,0,0.07193,2.4456,2.935853
423356,0,0.12732,5.5438,6.537667
574261,0,0.17145,4.1434,3.715118
98015,0,0.12226,4.1718,5.628301
93092,0,0.10858,5.9365,5.89097
78966,0,0.10541,4.7862,4.567324
49942,0,0.0774,2.3611,0.8072903
485886,0,0.05147,1.4734,1.042959
380617,0,0.10503,3.9332,5.347065
92129,0,0.14604,5.7665,6.336381
137578,0,0.32823,3.4892,2.578765
324300,1,0.16568,3.1941,3.97688
372017,0,0.19988,6.3934,4.954288
323318,0,0.20525,3.3321,2.266083
239383,0,0.30021,5.0774,4.769502
39759,0,0.11983,4.4141,5.311139
289393,0,0.18754,4.1307,4.547703
63622,0,0.13827,4.3204,3.599885
422078,1,0.11279,3.8431,4.511219
99120,0,0.08219,6.6368,4.551425
99695,0,0.10927,2.9781,3.030497
205096,0,0.05304,3.7882,1.831459
227758,0,0.16972,4.9407,3.553459
372380,0,0.11436,1.9841,1.193012
610674,0,0.10184,3.7697,4.180701
289121,0,0.24082,3.5709,2.693244
569581,1,0.17819,2.1705,0.773474
550288,0,0.26427,5.0859,3.871408
493173,1,0.11588,3.8926,3.261831
99203,0,0.07914,3.6725,4.24978
198080,0,0.16116,3.1484,4.626484
196543,1,0.16359,3.8234,4.486786
106771,1,0.16104,2.5619,3.153311
560158,0,0.12578,4.4023,2.404676
536127,0,0.11493,5.5015,6.289164
324852,1,0.28372,2.6987,1.736249
144764,0,0.17283,3.5554,3.845125
592592,0,0.12514,5.0568,3.870374
251016,0,0.15158,4.5916,2.839238
297053,0,0.05488,6.9169,4.586942
184689,0,0.08028,2.6703,1.612757
138910,0,0.10336,3.2923,3.036571
32627,0,0.25923,1.8679,1.929389
92103,1,0.10299,1.9901,2.153666
319759,0,0.15577,4.3024,3.292785
297139,0,0.16935,4.4787,4.862196
372186,0,0.16432,4.0358,4.654409
91531,0,0.13585,6.7982,5.9403
592738,0,0.124,1.5846,1.665259
16507,0,0.0559,5.217,6.287546
64787,0,0.10851,3.0813,2.493722
397012,0,0.10277,3.3808,2.850367
417753,0,0.19657,2.8366,0.6261096
512552,0,0.07221,6.3426,8.181151
184990,0,0.15286,3.1589,7.199825
561535,0,0.20478,5.7454,2.159104
54748,1,0.11039,2.8533,3.785934
323278,0,0.19985,7.6202,4.286519
559809,0,0.12752,6.0545,4.885728
512721,0,0.13868,4.5572,8.077007
518102,0,0.12777,3.1044,2.553151
28804,0,0.17851,2.5125,2.667995
585193,0,0.11698,6.0737,6.277444
535457,0,0.08046,2.1966,4.999816
28758,0,0.07769,3.7135,5.309219
301843,0,0.13214,3.0343,1.895557
324592,1,0.24039,4.7073,5.684715
618986,0,0.13341,4.7874,5.195559
418240,0,0.18919,4.0062,4.215444
62703,0,0.13785,3.6008,5.089843
31455,0,0.14676,3.4991,4.085974
54637,0,0.25885,3.3255,1.238876
297895,0,0.13651,8.7122,3.87497
544389,0,0.19046,5.5353,6.857531
347374,0,0.15848,4.2987,4.867912
106383,0,0.12632,2.7902,1.37389
227191,0,0.14657,2.1119,3.203189
323541,0,0.06758,3.4886,3.201217
619258,1,0.05707,4.9252,6.098988
209621,0,0.21115,4.4188,4.840351
209873,0,0.25879,4.3306,3.631205
185837,1,0.17669,3.2453,5.192737
508705,0,0.09114,4.0916,5.152971
584827,0,0.17298,3.8861,4.539279
92504,0,0.19074,3.2182,2.817366
63573,1,0.12971,2.0263,1.435817
40110,1,0.08153,2.374,2.006683
214980,0,0.15655,3.5222,2.974452
14567,0,0.11393,5.2577,5.456797
526812,0,0.07019,3.4343,7.832016
63104,0,0.16301,0.0485,4.860855
145348,0,0.19978,4.6957,3.704674
396708,0,0.07554,3.3493,3.32896
78295,0,0.20497,3.2192,1.791907
618600,0,0.13455,3.7053,3.096802
278808,1,0.10923,3.9084,2.917975
84655,0,0.06093,2.4458,4.323229
91909,1,0.29602,2.5572,0.9457734
592672,0,0.07744,2.2953,1.522347
301754,0,0.07104,4.4206,4.599573
22493,0,0.15744,4.7577,4.679739
93397,0,0.10874,4.1152,5.165641
91545,1,0.05293,4.9195,8.072178
278725,0,0.04081,4.3375,8.897102
574205,0,0.22167,4.1089,5.169693
48846,1,0.10765,4.5902,2.574236
610187,0,0.16865,3.4153,3.508606
593410,1,0.12874,5.2861,4.868018
559397,0,0.12628,4.1797,4.531668
54333,0,0.09917,4.774,5.106374
100105,0,0.0981,5.9254,6.317521
386813,0,0.12474,4.5,3.353115
203295,0,0.19249,2.6438,1.890086
567907,0,0.08784,2.9862,2.415796
567970,0,0.14351,4.3956,4.138706
91989,0,0.0533,5.317,3.733438
319300,0,0.05327,1.1342,0.6640339
98823,0,0.10087,3.2985,2.959863
239495,0,0.10973,3.3911,4.722177
288658,0,0.1318,7.2279,5.678953
301515,0,0.10462,3.976,4.885264
485921,0,0.05525,4.753,5.787275
220464,0,0.08649,3.7106,3.661117
376597,1,0.07034,3.2323,1.205544
64160,1,0.1227,2.9433,2.4925
30791,0,0.13889,4.1485,4.54512
184932,0,0.07706,6.7721,8.028945
423784,0,0.02626,2.7168,0.9987565
397083,0,0.15422,6.9295,6.724849
220223,0,0.11226,2.7962,4.543587
512071,0,0.07979,2.0739,1.607022
107455,0,0.11674,4.321,5.187397
184274,0,0.04582,1.6512,1.579266
599404,0,0.16072,3.7551,3.45854
289723,0,0.19691,5.0037,5.38581
372020,1,0.19779,3.466,3.944065
491454,0,0.0295,3.9628,3.258133
22596,0,0.07796,3.1078,4.085734
584518,0,0.10917,2.0667,1.950252
186401,0,0.19863,5.3146,5.531813
380698,0,0.07291,2.3141,1.786601
55461,0,0.12928,3.4458,3.832893
610991,0,0.08009,3.7793,2.93367
611632,0,0.1732,3.9946,2.008287
560840,1,0.16156,3.837,6.711871
561032,1,0.08215,3.3006,3.118507
544061,0,0.14922,3.0352,2.572194
525985,1,0.15394,6.5786,5.34452
491600,0,0.11711,5.3914,1.611928
545317,1,0.28585,3.5599,3.201864
508138,0,0.05598,1.8869,1.56931
397037,1,0.07548,1.9089,3.120947
514214,0,0.08613,5.5347,2.919754
560519,0,0.12068,2.8432,1.813227
79176,0,0.14979,3.8673,3.607118
77533,1,0.12376,4.5586,4.704911
215308,0,0.10612,2.4504,3.259423
526683,1,0.10983,5.5988,5.335723
617909,0,0.12195,5.7791,6.786783
230522,1,0.13675,3.0327,3.398264
84743,0,0.0954,5.3595,5.384921
584873,0,0.16694,4.9642,1.545238
30619,1,0.07743,1.8574,1.703594
145041,0,0.03425,2.678,2.456588
15700,0,0.12574,3.3175,4.236491
380712,0,0.07426,6.1324,3.973353
594083,0,0.11614,3.0938,3.058396
278164,0,0.16458,2.0849,2.82741
272296,1,0.15457,5.7856,6.462561
239610,0,0.09372,3.9166,4.764298
622475,0,0.10696,3.9115,2.493145
387370,0,0.11943,3.5137,4.146397
522123,0,0.10735,2.3783,1.371948
84680,0,0.04716,2.7705,2.62111
93339,0,0.11452,3.1247,1.510125
85679,0,0.27494,2.7839,2.209107
279910,0,0.08682,7.7587,9.559018
251718,0,0.13631,4.8336,4.31463
396865,0,0.07652,4.1739,5.250948
380669,0,0.07308,4.0478,3.7557
375563,0,0.15587,3.5725,2.946551
609777,0,0.09549,3.5356,5.128976
70640,1,0.07976,3.4869,3.096482
239716,0,0.1376,4.3905,3.939456
527550,0,0.08133,3.2326,4.275108
203249,1,0.20229,4.5683,3.642839
512869,0,0.18565,4.6681,9.726256
106729,0,0.12607,3.6092,4.729445
617984,0,0.19129,5.9759,3.723045
185799,0,0.1718,4.7928,3.409128
70445,0,0.17866,2.9935,1.541999
98880,0,0.08527,3.4944,5.618429
107425,0,0.13255,5.1024,5.156719
570363,0,0.07642,3.8593,3.752557
55761,0,0.11732,4.2946,2.529833
62336,0,0.08195,3.4614,3.759167
618668,0,0.13482,3.4647,4.754211
16394,0,0.11909,4.3616,5.655465
592611,0,0.12288,3.0261,3.844366
47457,0,0.19416,4.9909,5.309594
39711,0,0.10779,5.6363,4.139834
585491,0,0.11935,3.808,3.779257
14926,0,0.19025,0.8678,0.7409224
622787,0,0.07063,4.1926,4.348805
569208,0,0.1061,2.3427,2.27867
184202,0,0.09318,3.2882,4.135273
319998,0,0.08614,2.6086,3.387489
320147,1,0.11184,6.777,5.778413
24273,0,0.2069,5.7331,5.622013
55214,0,0.10898,3.5451,2.909113
376115,0,0.06638,2.3147,1.580074
70185,0,0.16694,2.667,4.055686
198045,0,0.16201,3.8751,2.465558
231244,1,0.18884,3.9192,3.162854
230634,0,0.01726,2.4693,1.40043
184517,1,0.1166,5.5835,6.821705
228610,1,0.15193,1.9528,3.014524
210534,0,0.13773,1.6201,3.161964
98558,1,0.23157,3.0814,1.736137
227485,0,0.06951,4.2252,5.918134
323566,0,0.04248,3.1688,3.335916
460835,1,0.14667,1.4388,1.527119
231370,1,0.24273,3.5844,2.05936
611174,0,0.1253,5.0605,4.891669
184806,1,0.1634,4.4297,4.880635
7841,0,0.07851,1.868,1.774635
574083,0,0.16518,5.1206,4.587235
324886,1,0.15591,5.6974,4.11825
30884,0,0.10682,8.7555,2.597468
619429,0,0.13309,5.0087,3.702857
70846,1,0.09235,3.3312,2.450525
78741,1,0.15491,3.7201,2.094185
323558,0,0.04255,4.4206,7.434215
537031,0,0.0753,4.7139,6.227725
279498,1,0.09492,2.4796,2.106025
517457,0,0.05923,4.7136,6.855545
289381,0,0.18836,4.9066,4.93612
618001,0,0.1262,4.3522,3.429332
54032,0,0.09356,1.8749,1.957295
136605,0,0.10361,4.6314,6.899856
569457,0,0.03809,2.4235,3.202775
618382,0,0.09758,3.1876,4.402119
77564,0,0.12394,3.3218,3.14801
9072,1,0.09953,5.0139,6.061264
377340,0,0.10211,5.0334,6.560715
184042,1,0.07686,6.0872,9.5713
423085,0,0.13302,4.081,2.153497
371172,0,0.07716,4.8396,8.546953
84351,0,0.26625,4.1967,2.473712
535502,1,0.18944,5.9382,4.077151
600743,0,0.06967,4.1873,6.58799
71499,0,0.11814,4.9871,4.697097
289618,0,0.15102,5.7201,5.072595
417678,0,0.03948,0.329,0.1004865
319758,1,0.15953,4.0646,3.901566
485268,0,0.11987,4.5988,3.669233
297616,0,0.0858,6.5711,5.522729
273752,0,0.15967,9.1938,6.09756
185566,0,0.14824,2.2653,1.702997
79711,0,0.0434,3.3603,3.096863
216187,0,0.09514,5.7206,6.552174
99826,0,0.10893,4.8311,6.081422
77991,0,0.27664,2.9943,1.76528
567734,0,0.13958,5.1253,6.167109
7369,0,0.12607,3.8898,4.050854
527387,0,0.13371,4.5634,3.556886
318799,0,0.12736,4.3565,5.209814
319397,0,0.05258,5.9245,4.826639
228523,0,0.15066,2.783,3.000083
15261,1,0.25661,3.1902,2.514171
593584,0,0.16235,2.2994,3.456608
549874,0,0.17079,3.4971,3.369344
381170,0,0.25775,2.4266,2.396569
63733,1,0.16066,2.0639,1.081497
138828,0,0.06938,3.1451,5.641925
372408,0,0.05344,2.7542,2.718357
220282,1,0.08233,4.7875,6.20332
216107,0,0.12563,2.9816,4.227425
230789,0,0.02107,2.2015,4.392257
238810,0,0.16027,4.3212,2.442462
30621,0,0.07779,3.234,3.39286
63517,0,0.17404,3.778,3.671584
40513,0,0.11312,4.6049,3.702426
204978,0,0.15407,3.7203,5.557144
214953,0,0.09922,3.8345,4.67713
600670,0,0.09496,3.7654,2.899912
300691,0,0.04558,4.3894,6.02839
227266,0,0.02494,4.0778,5.34577
371889,0,0.05898,2.3361,1.681149
324212,1,0.1056,2.2293,1.130205
371714,0,0.05821,1.8895,1.723332
186273,0,0.17929,4.2859,2.423555
280109,0,0.13698,3.9898,2.922724
535641,0,0.0762,3.1748,3.444609
40404,0,0.10935,4.9699,5.064851
99829,0,0.14875,6.199,5.956185
511425,0,0.12624,2.5723,3.427879
65191,0,0.13068,3.9923,4.652418
23339,1,0.25437,5.197,2.774045
84341,0,0.14036,3.4354,2.588255
31594,0,0.1164,3.7961,3.935454
39422,0,0.17066,5.0604,2.968336
197245,0,0.1052,4.9067,5.361505
78877,0,0.25502,4.2337,0.5447135
79071,1,0.13261,3.8025,8.784575
202709,1,0.14024,1.9792,2.281561
617693,0,0.05554,4.2839,6.258078
381160,0,0.051,1.7586,1.779093
301730,0,0.16427,2.5459,3.062302
610543,1,0.10438,4.7221,4.819552
177972,0,0.14529,3.8574,3.78315
9258,0,0.04198,4.2925,5.547062
381206,0,0.05049,5.7519,3.030984
550260,0,0.2011,4.8661,7.500035
143992,0,0.17856,4.0269,4.083935
54600,1,0.22729,1.0799,1.970316
228849,0,0.13745,4.9322,2.83962
106971,0,0.15079,4.921,3.701497
78834,0,0.27945,5.1858,4.073507
300789,0,0.15471,3.228,4.448305
402666,0,0.22296,4.4413,4.546496
138911,0,0.10364,2.2219,1.359574
136701,0,0.10976,3.1183,2.559815
106012,1,0.17389,4.4816,3.646205
196478,0,0.15446,7.245,6.006133
289117,0,0.07795,5.9744,6.990667
513145,0,0.07664,3.1628,5.707604
230683,0,0.02054,2.3581,2.743754
99202,0,0.11089,4.7372,5.829941
301937,0,0.09343,5.7635,4.482887
273377,0,0.152,5.059,6.060635
215204,0,0.27055,5.0683,0.5740205
585215,0,0.09276,3.8058,4.682652
31528,0,0.11872,5.0076,4.269297
21953,0,0.07696,0.9748,1.074181
289097,0,0.01868,3.727,7.85722
486873,0,0.08329,3.5331,4.003877
574258,0,0.07069,2.8094,3.858027
84235,0,0.17856,4.2962,3.416623
178988,0,0.03395,3.5175,5.519667
144335,0,0.08118,3.2544,3.755078
289690,0,0.193,1.909,1.192717
278910,0,0.11973,2.6478,3.571616
8488,0,0.01997,4.1621,9.41848
568000,0,0.14645,4.3107,4.499899
69405,0,0.20913,8.269,4.682355
536417,0,0.11275,4.8122,3.902201
272395,0,0.17929,5.0216,4.82402
214331,0,0.07914,2.1862,2.176899
372132,0,0.07139,2.7329,4.835362
239562,0,0.11317,1.9117,2.009879
85695,0,0.18305,4.4399,3.212225
7715,0,0.07795,4.3754,2.245911
618343,0,0.15058,4.8612,7.189664
99348,0,0.07727,2.3717,1.392267
561408,0,0.12586,3.7105,3.098399
22274,0,0.26211,3.0868,4.995326
371299,0,0.28405,4.4487,3.16379
376901,1,0.1155,3.4828,2.920816
186811,0,0.12177,3.4989,5.113149
376835,1,0.21712,3.7885,2.486002
289197,0,0.0209,4.8343,2.417312
618661,0,0.08456,4.9361,4.192853
71526,0,0.15852,4.6223,5.19633
107157,0,0.11852,3.9653,6.232572
297406,0,0.11715,2.8541,1.073312
298176,0,0.1195,2.6805,1.816813
184876,0,0.13327,5.1093,5.744439
202489,0,0.14589,4.0502,5.30251
185085,0,0.06425,4.0759,5.473522
319761,1,0.11064,1.8787,4.680792
508365,0,0.16369,3.8304,3.539301
84610,0,0.06067,5.0764,5.392228
39475,0,0.07975,2.1111,1.08346
623043,0,0.05329,3.153,4.849142
78888,0,0.33738,3.8571,3.172313
91652,1,0.26104,2.5166,2.156715
54566,1,0.16281,3.7161,3.913866
297959,0,0.20313,7.1904,3.52741
574423,0,0.05359,4.6669,5.634622
550230,1,0.10525,3.8041,4.735746
559956,0,0.13215,4.06,2.367863
71712,0,0.21445,4.2979,2.768553
184126,0,0.1454,4.3569,4.393927
278560,0,0.14415,3.2703,2.679429
144278,0,0.08049,3.0554,2.620255
573722,0,0.27,2.5719,1.172704
31364,0,0.14507,2.8544,3.023418
84945,1,0.22447,4.8523,2.896364
536437,1,0.13012,4.9183,5.045834
518564,0,0.13507,4.4862,5.610304
518478,0,0.10567,2.9048,2.08991
491587,0,0.07295,4.1398,3.50807
289560,1,0.18648,3.1138,3.748309
288982,0,0.02013,2.9413,3.729418
204839,0,0.05581,3.1695,5.860035
273837,0,0.07884,2.4546,1.039175
99210,0,0.16244,5.1154,4.699418
208666,0,0.05053,1.3762,1.619668
16259,0,0.12821,3.3219,3.862415
622190,0,0.2233,1.4799,1.551446
23558,0,0.20353,3.511,3.560026
178510,0,0.1317,2.6105,1.868577
319996,1,0.06751,3.3616,2.534376
300657,0,0.08561,4.6125,4.383766
220546,1,0.2538,2.2207,1.123271
610057,1,0.15933,4.7674,2.706022
17390,0,0.0918,4.6344,5.477181
15068,0,0.12445,1.5881,0.5515906
493028,0,0.05028,5.0438,5.08028
184805,0,0.10267,3.222,3.044258
593886,1,0.21984,2.1106,1.132551
348274,0,0.08884,5.042,2.358233
518114,1,0.15347,5.1056,5.577136
543536,0,0.05401,4.3539,8.902268
536391,0,0.17909,6.298,2.986338
492893,0,0.13091,4.3152,4.830857
509874,0,0.07588,4.1789,6.143839
71429,0,0.11731,6.9743,3.546527
536454,0,0.05986,6.3344,8.222555
63772,0,0.16266,3.3962,3.910534
48561,0,0.22173,5.6184,5.040188
543773,1,0.17325,1.1886,2.913849
568077,1,0.14643,4.7757,5.218863
219925,0,0.1256,3.4893,4.201888
70877,1,0.12991,3.3289,3.753083
86039,0,0.18442,7.6502,5.132042
231198,1,0.18693,4.2446,4.300723
54707,0,0.10873,3.7944,3.399229
567991,0,0.14428,3.4683,2.885094
559965,0,0.13061,1.7453,4.054598
9263,0,0.09862,2.4517,1.362386
375485,0,0.22815,2.2302,2.741864
618822,0,0.22372,1.9834,1.587287
204066,0,0.1974,2.1626,2.07652
208981,0,0.07671,4.392,6.344483
298374,0,0.1468,8.8579,4.06953
289489,0,0.15599,4.5847,5.72669
296636,0,0.04627,1.7148,2.269515
39581,0,0.1358,3.2245,2.725102
346906,0,0.05735,0.9185,0.9593537
485922,0,0.05314,0.7854,0.2737289
230556,0,0.07755,3.0121,2.079501
618478,0,0.14071,3.3345,2.999215
23235,0,0.14142,4.4639,5.01227
8130,0,0.08188,3.6913,3.502304
300889,0,0.05123,3.9836,3.458187
569477,1,0.13492,4.4741,5.647561
585750,0,0.07154,4.3245,4.081808
535725,0,0.12685,4.6782,3.392371
622483,0,0.24197,5.4587,4.750022
215888,0,0.10578,0.8295,1.155661
550030,0,0.27062,3.144,2.714034
380740,0,0.07253,3.2953,2.925057
40617,1,0.18314,4.4543,4.105013
347378,1,0.1374,1.0831,0.6955342
98529,0,0.15746,6.5341,2.397086
99041,0,0.24194,3.1416,2.672677
70021,0,0.05923,3.4421,3.369774
609988,0,0.12798,5.867,4.760806
600070,0,0.15847,2.2501,2.180194
205208,1,0.0543,3.0788,2.951514
238365,1,0.05502,1.1922,0.5450726
238660,0,0.10326,4.0855,4.454875
319157,0,0.05271,2.1545,1.044047
178542,0,0.15351,4.633,2.814348
184648,0,0.01872,3.4249,6.889405
585028,0,0.10953,2.9576,2.740077
15790,0,0.29517,5.3754,1.336613
91999,0,0.05278,2.5587,3.873962
622789,1,0.21357,1.7385,2.046729
227278,0,0.02492,2.6293,5.01215
382486,0,0.15,2.0407,2.353094
544149,0,0.18645,4.879,5.59089
544431,1,0.10146,2.6749,4.470933
107162,0,0.1262,6.4385,5.768028
418513,0,0.10584,3.0015,3.924657
40657,0,0.34233,4.8907,1.760773
536420,0,0.11181,3.2896,1.004414
619600,0,0.1784,4.219,2.755962
509075,0,0.0504,4.3006,3.613587
49400,0,0.14712,3.8298,4.80158
491506,0,0.11461,3.7252,4.186699
319137,1,0.05255,4.3889,7.59883
47418,1,0.13832,1.907,1.384648
32674,0,0.06638,4.6317,4.494773
219797,0,0.1055,4.7411,4.19287
221339,0,0.07928,4.7014,4.730839
16568,1,0.1231,2.6291,3.39973
289612,0,0.12719,3.6896,3.863744
549531,1,0.10219,3.6965,4.888178
55188,0,0.25697,4.368,6.603381
535016,1,0.10576,4.4132,3.285391
21887,1,0.07401,3.699,3.595701
62530,0,0.12919,6.1394,3.945928
559255,0,0.11708,6.425,6.10182
279911,0,0.08796,2.7507,2.629081
48736,0,0.19836,5.9019,4.847953
62584,0,0.13987,2.6799,1.968435
55460,0,0.1291,4.7668,4.36726
549803,0,0.19943,6.2956,3.100391
545315,1,0.1299,3.8808,5.138596
601103,0,0.16483,4.2659,3.55326
592552,0,0.1461,6.3762,4.975006
593211,1,0.17369,3.586,5.37886
610976,0,0.09808,2.3095,3.627555
535178,0,0.11665,3.7015,4.602608
544046,0,0.13914,5.9156,4.054284
15380,1,0.1446,3.3593,5.025974
423697,1,0.1203,6.0039,5.218469
31911,0,0.11186,4.1645,3.403931
24400,0,0.07429,2.8599,2.731368
31313,0,0.12105,5.5543,5.839114
376942,0,0.24723,3.8699,1.959758
381215,1,0.05002,0.9851,0.3669955
8765,0,0.19751,6.6682,3.657933
460399,1,0.13889,5.25,4.285575
197290,0,0.23544,3.5727,4.466987
178960,0,0.24305,4.8568,1.240673
202588,0,0.1281,4.8051,4.743955
17265,0,0.13063,4.9536,6.830388
105519,0,0.05765,4.0501,6.424645
84565,0,0.25519,6.2965,3.964233
107347,0,0.25968,6.0808,5.430332
375599,1,0.05014,2.5866,3.65824
525732,1,0.07913,1.4872,0.4445871
49178,0,0.10713,6.3229,5.107558
279905,0,0.01764,3.9817,5.944973
559249,1,0.20394,1.8366,2.705834
547862,0,0.15771,4.9178,2.692391
71196,0,0.08209,3.5968,3.196646
575549,1,0.20707,3.2509,2.757837
106917,0,0.13701,4.3435,4.171239
302468,0,0.15536,5.914,4.497533
228393,0,0.16983,1.159,1.501328
227884,1,0.16506,1.746,1.152484
63304,0,0.05191,4.646,7.960518
227280,1,0.17729,4.4376,3.070217
273287,0,0.29494,2.6796,1.503747
55178,0,0.12013,7.3567,4.359548
238271,0,0.1289,4.4972,5.507458
296895,0,0.11702,4.0287,4.179913
106150,0,0.17069,4.2311,2.64439
622696,0,0.10404,2.2387,4.370376
319402,0,0.05162,4.2618,6.529155
611633,0,0.16931,4.2142,1.545107
78827,0,0.02923,5.0848,7.745697
485461,0,0.12747,6.2606,5.85841
622183,0,0.19499,5.9556,5.593065
526810,0,0.07011,3.7686,1.790869
376033,0,0.03983,5.3549,7.491701
568050,0,0.08343,4.3297,5.810976
62683,0,0.14065,4.9479,5.152247
610691,0,0.1543,2.6434,3.004463
204307,0,0.15165,3.5041,2.523337
208687,0,0.33189,3.9143,3.108835
47685,1,0.1394,2.089,1.191952
569295,1,0.22099,2.9845,3.630356
537057,0,0.08245,3.6723,3.902818
144890,0,0.17463,3.5354,3.18538
610015,1,0.10691,2.6984,4.235052
622350,0,0.08733,5.283,4.742855
575592,1,0.32578,2.6103,1.873646
388562,1,0.14598,2.6667,2.249744
273455,1,0.12633,4.5435,3.646468
84106,0,0.02792,1.3011,2.367188
196305,1,0.20363,6.427,4.375935
24201,0,0.14696,4.9734,5.356093
17368,0,0.09855,4.9643,4.991955
544064,0,0.15268,4.8785,6.157263
375692,0,0.13454,4.8559,4.4604
40449,1,0.22886,4.9422,2.054746
550776,0,0.21943,6.5474,3.005358
617853,0,0.12758,6.6348,5.125689
594010,0,0.14169,2.6154,3.058599
16372,0,0.03127,4.2479,3.807905
278109,0,0.02509,4.0341,7.584362
347400,1,0.22502,6.4331,7.267325
9156,0,0.27026,4.47,3.584473
7012,0,0.13475,2.513,2.462111
216149,0,0.0537,3.9455,9.35818
220642,0,0.18784,2.3573,1.785855
92467,0,0.13462,4.3848,6.266731
593200,1,0.13065,4.7533,4.419682
460770,0,0.14959,5.4057,2.743032
238453,0,0.05459,3.8577,3.346108
78590,0,0.07897,2.4898,1.511748
239563,0,0.11002,4.8707,5.390358
601577,0,0.07964,5.1197,3.021796
179666,0,0.27989,3.9315,3.462654
618749,0,0.11532,4.3789,5.341501
373305,1,0.13822,1.8918,1.456501
519141,1,0.08588,4.9827,7.318102
512311,0,0.13259,4.164,4.002386
586330,0,0.03836,2.9324,3.326474
85995,1,0.09215,3.357,2.067113
418151,0,0.19467,2.1981,1.448716
618938,0,0.05636,3.6817,4.85996
7619,0,0.22794,4.0198,7.458079
240047,1,0.12991,6.524,5.108895
209706,0,0.071,3.6027,3.353817
618451,0,0.13966,5.6148,3.884749
203660,0,0.22257,1.6201,1.857946
609958,1,0.09523,3.6762,4.556137
54270,0,0.08345,4.3146,5.099207
508225,0,0.07381,3.5342,3.804191
663446,0,0.1395,1.2744,1.383962
298447,0,0.13431,5.7261,4.787841
289779,0,0.2436,6.5366,1.352262
8277,1,0.08174,3.7537,4.089547
382582,0,0.21615,3.1253,2.031901
382216,0,0.07117,4.6334,5.851794
517495,1,0.13159,4.3742,4.569743
297525,1,0.10866,3.4879,1.421944
320753,0,0.13786,3.494,2.509963
381217,0,0.0525,1.9309,2.945602
208876,0,0.05063,3.6375,4.020184
216106,0,0.14843,2.1593,1.375847
99933,0,0.07892,4.7105,3.578667
396743,0,0.07626,4.4659,3.386424
97915,0,0.07524,4.8026,5.928424
54459,1,0.12801,5.6719,4.282544
371748,1,0.10608,2.4814,3.249641
15765,0,0.20064,5.2913,4.544296
549534,0,0.15561,6.2364,4.936951
373130,1,0.08667,1.8362,2.231736
460461,0,0.1129,4.8785,5.608412
278229,0,0.1173,2.5792,2.084786
278550,0,0.14428,6.9978,6.08266
138495,0,0.24038,2.5145,1.89912
272825,0,0.08315,6.6703,5.756804
623017,0,0.06997,3.8621,4.023435
71116,1,0.12564,5.1272,5.931107
79838,0,0.21776,4.5483,5.19636
37063,1,0.05492,2.1839,3.451645
210467,0,0.09256,5.6454,7.607068
492169,0,0.08218,7.1744,7.134435
593961,0,0.16168,5.5771,4.289135
92773,0,0.05428,3.8585,5.426374
178999,0,0.20161,3.8215,1.729308
345361,0,0.10344,3.9612,5.05311
346469,0,0.19622,7.1581,2.808743
347167,0,0.19779,4.9559,5.251897
347379,0,0.09709,1.8025,1.420885
289570,1,0.2541,4.2203,4.494998
296927,0,0.05397,5.715,5.022326
288992,0,0.01933,3.8836,1.281957
289668,0,0.19734,4.3821,2.954958
70329,0,0.10818,3.4849,4.625404
377258,0,0.10227,2.9962,3.460533
272547,0,0.07765,2.7915,2.342312
49180,0,0.11599,4.4522,3.96962
536433,1,0.11325,2.6528,3.461595
139002,1,0.17594,5.4324,5.551765
619101,1,0.12031,2.2253,3.746767
85559,0,0.07855,5.1741,5.105007
197084,1,0.1057,5.6304,3.972744
230787,0,0.02084,2.3985,2.592964
463517,1,0.12033,4.1424,5.230398
296795,0,0.08035,4.8235,4.497519
504879,0,0.0542,3.7342,7.567207
47757,0,0.12743,2.806,2.963333
40017,0,0.13191,3.5642,3.149939
23491,0,0.17514,3.8138,2.633905
31938,0,0.11306,4.3607,3.904163
107432,0,0.31272,2.5215,2.719928
143252,0,0.13082,2.4134,1.671519
15488,0,0.16452,3.8862,3.068303
512537,0,0.10624,3.7625,3.487025
346572,0,0.20025,4.9212,0.004978333
371295,0,0.09633,2.866,2.702254
375611,0,0.2094,2.9062,4.575617
230718,0,0.0185,1.9359,1.317769
544214,0,0.1498,4.0612,5.183922
600102,0,0.10104,4.3344,8.60435
381465,0,0.08745,4.7262,5.683644
417755,1,0.19605,3.3569,4.771326
610696,1,0.13006,4.1953,5.009476
7974,1,0.14707,2.6194,2.905107
39547,1,0.09984,3.1842,4.370477
107531,0,0.03346,2.704,2.750762
144122,0,0.08239,5.298,7.022028
144972,0,0.21256,7.8381,6.239766
535107,1,0.15691,5.8923,3.278889
84297,0,0.08562,3.098,1.707125
319754,0,0.11094,3.6747,1.601715
30759,0,0.15493,4.6846,2.49437
17294,0,0.0644,3.4878,5.174493
544104,0,0.07657,6.3016,3.826036
543554,0,0.05526,1.7627,1.154829
64045,0,0.10472,5.3151,4.080242
535428,0,0.10619,4.2811,4.70143
289494,0,0.14587,3.5925,3.759582
69512,0,0.09537,3.855,4.027752
144059,0,0.16611,2.6291,2.829082
272839,1,0.25585,5.3588,1.812028
16910,0,0.13754,4.8702,5.538674
239970,0,0.12068,1.955,1.344891
64577,0,0.13747,3.3528,3.345629
592831,1,0.12475,4.8453,4.334981
535826,0,0.2624,2.1706,1.480882
47608,0,0.11954,2.6907,1.254892
91997,0,0.05349,1.5851,1.075441
492905,0,0.2871,4.5054,2.735806
77710,0,0.05432,2.1377,1.194219
144823,1,0.17196,3.1422,4.085079
137080,0,0.09404,4.4148,6.328798
423197,1,0.15971,6.2258,4.907943
15402,0,0.34679,3.1995,2.908607
559620,0,0.13522,3.3956,2.458619
559296,0,0.15654,5.2034,4.858784
231349,0,0.07893,4.2382,4.176659
49146,0,0.13665,5.5051,3.804504
237669,0,0.1737,4.5867,2.303514
240603,0,0.14913,7.288,4.274021
237735,0,0.16661,7.2703,4.529854
184883,0,0.28696,3.2182,4.170736
203220,0,0.10683,3.1469,5.142991
77999,1,0.3834,2.6813,0.8195643
39630,1,0.12096,6.1448,3.800343
300406,0,0.05085,5.4736,6.349955
493645,0,0.14854,5.0111,3.230831
62831,0,0.14626,4.1706,4.549227
99470,1,0.27161,4.8075,3.118912
622003,0,0.1472,4.6603,4.838048
518482,0,0.10682,3.7238,3.155939
227153,0,0.14528,5.9419,6.81936
21906,0,0.26685,7.0383,5.876154
85868,0,0.17127,3.8238,3.948227
48513,0,0.13179,3.836,4.026761
536570,0,0.09643,5.7579,8.33943
535505,0,0.17953,6.08,4.93674
62697,0,0.1361,4.5886,3.196483
288724,0,0.07723,2.663,2.095846
386480,1,0.15534,4.267,3.42948
15669,0,0.12611,3.1448,3.77953
568912,0,0.13614,5.5284,4.832269
371604,1,0.20564,4.8296,3.387233
319450,0,0.05482,1.9657,1.647909
550225,0,0.07086,3.8805,6.767452
371541,0,0.17752,3.1153,3.750238
371220,0,0.09654,3.7573,6.661381
186538,0,0.06908,5.0252,4.345482
186323,0,0.12337,2.6545,1.232259
609322,0,0.10465,2.637,2.354291
105890,1,0.14403,2.2716,0.8817234
203258,0,0.18977,1.4955,0.8120572
251117,0,0.13801,1.7799,0.8608029
48608,0,0.13153,3.3026,2.898379
220767,0,0.17195,2.7248,3.311967
569848,1,0.14843,5.5778,4.012249
622532,0,0.10608,2.5686,2.602947
545843,0,0.13127,2.9059,5.583874
298041,0,0.13643,2.6028,1.65039
289170,0,0.01927,2.4244,2.086041
239647,0,0.13886,5.8517,4.455637
40118,1,0.17498,3.2067,2.471838
569061,1,0.13748,4.7227,3.629082
62977,0,0.12307,3.1851,3.01979
323074,1,0.26839,3.3426,2.125094
611449,1,0.40561,2.5639,1.616717
54381,0,0.0596,3.1786,3.809959
143223,0,0.07723,3.9101,5.266121
136625,0,0.10273,3.6364,4.812244
238496,0,0.05454,1.6429,0.5261328
47798,1,0.13966,3.5876,2.778853
39626,0,0.12088,3.7822,2.646587
512099,0,0.07284,4.2558,5.110181
230296,0,0.10421,4.733,3.892611
216640,0,0.22288,1.9967,1.869973
381156,0,0.05124,1.2685,0.9910391
535817,0,0.16449,3.4844,3.789977
509926,0,0.11005,3.0415,0.797537
486900,0,0.1836,4.3595,3.132601
16482,1,0.1286,2.122,1.84311
619066,0,0.05449,5.9335,5.060883
535136,0,0.11864,3.2801,3.519108
536962,0,0.08145,5.5513,7.025837
610404,0,0.08103,3.5193,3.994424
618144,0,0.05331,3.0662,2.222454
486050,0,0.21805,3.2338,2.565884
227571,1,0.12901,3.9938,4.546263
214994,0,0.16578,3.3436,2.745432
271426,0,0.07471,5.4318,2.749348
388558,0,0.08756,2.7906,6.02504
289697,0,0.24203,2.8318,2.737159
491603,0,0.11697,3.7029,1.712414
92263,1,0.16716,5.2314,3.693561
14621,0,0.16475,6.654,5.922232
574580,0,0.20067,4.3813,3.346597
271572,0,0.15677,2.6673,2.202164
570203,0,0.04258,7.1405,9.865508
601210,0,0.06932,3.6717,4.685349
518199,1,0.22607,6.749,3.049923
70331,0,0.07662,3.8168,5.215812
64500,0,0.13529,2.363,1.859557
230293,0,0.10588,4.811,5.022097
419335,1,0.05637,3.1194,1.808097
611658,0,0.1571,4.2962,1.976773
599721,0,0.19772,3.2203,3.929701
31621,0,0.17173,1.3255,3.986628
418253,1,0.16409,2.436,2.482742
23157,0,0.11151,2.3073,2.239566
521410,0,0.08217,2.416,2.194361
209798,0,0.26607,2.7734,1.886681
179041,1,0.20152,3.8887,2.820099
39892,1,0.12788,3.7451,3.128455
98525,0,0.15774,4.2209,3.673736
239421,0,0.12057,4.0895,3.706399
239570,1,0.15084,2.5168,3.794603
238316,0,0.05355,1.8722,1.598353
278350,0,0.07778,4.1307,3.00738
136602,0,0.0446,3.4207,5.524128
273928,0,0.07818,2.8743,3.341355
300695,0,0.07751,2.6418,3.476973
203564,0,0.17131,4.4738,3.757998
568822,0,0.16081,2.0863,1.455335
289538,1,0.15056,3.1673,1.646152
239418,0,0.0949,3.7073,4.352302
40445,0,0.08289,3.3706,3.114913
592858,0,0.05276,3.2168,2.031104
559067,0,0.07744,3.8721,5.221326
548983,0,0.20785,5.2886,4.533485
97858,1,0.09228,3.1176,2.815568
508836,0,0.14604,2.498,0.888097
22891,0,0.13544,3.1528,3.04671
569645,0,0.11504,3.0609,1.807671
289671,0,0.19443,3.0071,2.265878
289731,0,0.24002,4.4803,3.618025
106962,0,0.12446,2.0405,3.251223
98621,0,0.06563,2.5603,3.952094
107277,0,0.07879,6.4368,7.26815
215821,1,0.07058,3.0244,2.629356
559898,0,0.16218,5.1682,7.931087
23592,0,0.12355,4.5256,1.938776
575384,0,0.17303,3.8041,3.951944
548872,1,0.07903,2.1947,1.732612
508006,0,0.20597,2.1068,0.7822852
575149,0,0.16546,5.2858,3.653711
15690,0,0.125,3.049,1.784419
209369,1,0.16585,3.169,5.412851
23502,0,0.11115,4.4548,7.676506
23761,1,0.25296,4.0361,3.278091
548829,1,0.10836,5.0102,4.81118
584929,1,0.20475,2.5776,0.3734875
204030,0,0.19491,5.0455,2.813399
289711,1,0.19562,1.3581,0.5450757
98189,0,0.13233,3.9057,3.46121
567445,0,0.05275,1.5371,1.319142
98953,0,0.24267,4.0056,3.505348
568530,0,0.13723,5.1161,5.166696
497068,0,0.12707,2.3544,2.714624
39417,0,0.12037,3.1581,1.820864
15750,0,0.12604,5.3564,5.289543
8388,0,0.07847,5.6279,5.599829
39715,0,0.10632,3.1318,2.215401
41051,0,0.06923,3.4439,2.844044
40035,0,0.1455,4.2907,4.029377
320488,0,0.27814,2.3475,2.939166
290088,0,0.20397,8.6904,0.7467585
8242,0,0.21584,3.2365,4.511324
298443,0,0.17988,3.9431,3.236891
560337,0,0.0805,4.742,3.535845
551305,0,0.16149,6.3394,6.047091
506119,0,0.08363,4.3818,5.452319
99291,0,0.22378,6.3082,3.941433
105611,0,0.12447,4.8692,5.454977
47712,0,0.12538,2.9506,2.98642
32140,0,0.08318,3.7037,3.555289
574730,1,0.10475,4.1632,5.716857
585281,0,0.11566,3.1728,3.083546
31448,0,0.08176,4.2119,3.778037
31912,0,0.10016,5.1125,2.807105
230786,0,0.01918,2.1788,3.866107
573877,0,0.22415,2.8357,2.774068
574006,0,0.19071,6.7962,5.123824
30615,0,0.07864,3.9109,5.473245
40304,0,0.09858,3.2851,3.292912
238509,0,0.21456,3.9819,4.324328
106201,0,0.16825,5.0793,4.117186
544621,1,0.10383,4.8206,2.944701
239465,0,0.13792,5.8373,5.595055
278120,1,0.12237,3.9269,4.142525
39857,0,0.13153,4.5435,3.317291
16022,0,0.05365,4.4386,5.45383
30847,0,0.10673,3.4207,6.123688
508312,1,0.05563,2.5227,3.183666
47254,0,0.05475,2.7497,5.261329
40490,0,0.07803,3.9481,3.814854
106284,0,0.16898,3.0641,2.529813
30695,0,0.11886,5.4783,3.275543
30887,1,0.1058,2.2424,1.53474
39894,0,0.24854,4.4099,4.646701
584723,0,0.0941,4.5904,4.903762
548835,0,0.07885,6.3625,5.353266
273543,0,0.15549,5.839,6.227572
271502,0,0.13393,4.1837,3.281081
561537,0,0.20181,2.1832,1.213378
508478,1,0.05582,4.4423,4.052651
40335,0,0.09901,3.3136,4.261309
593215,0,0.08391,9.7146,6.240711
239605,1,0.11118,4.414,2.187211
558912,0,0.11776,4.0276,4.798858
250179,0,0.05151,4.0517,2.848894
47420,0,0.11677,3.5495,3.644594
279029,1,0.31284,3.5235,1.440645
560506,0,0.16784,3.7865,3.828091
106366,1,0.10369,5.3704,3.363217
296805,0,0.18259,4.5788,4.357444
279874,1,0.08706,2.8685,4.615134
278302,0,0.14346,8.4746,6.16928
238282,0,0.05401,3.6323,2.094936
567765,1,0.13572,1.0635,1.675256
22582,0,0.07781,4.8143,6.490398
23859,0,0.34561,4.9942,1.642794
289105,0,0.16289,3.4237,3.480374
545615,1,0.18207,2.1737,1.89111
585584,0,0.02094,6.1526,3.299609
484826,0,0.14853,3.9052,4.238701
559524,0,0.13599,5.0356,4.687322
287949,0,0.13305,1.8676,1.947212
319060,0,0.05394,3.5424,3.22418
230880,0,0.01862,2.0719,2.237313
319976,1,0.28714,3.4286,2.56449
272300,0,0.15155,3.9276,3.808065
15389,0,0.14646,3.4322,2.855349
238019,0,0.46059,1.6774,1.081265
7234,0,0.19275,4.1972,4.165906
7703,0,0.07798,3.5176,3.113751
289520,0,0.1965,1.6283,3.243389
302146,0,0.16414,3.3732,3.127377
99568,0,0.10922,3.3828,3.445093
30617,0,0.07828,3.8864,3.45262
319658,0,0.08408,1.7561,1.34767
584682,0,0.08124,4.0167,2.515993
574429,0,0.22924,3.1555,3.386029
279908,0,0.01729,4.0294,6.870886
585552,0,0.12584,6.6761,5.668655
273373,0,0.15378,2.7995,1.711913
106197,0,0.12637,3.5393,2.438211
560918,0,0.06319,3.831,3.935729
15040,0,0.12561,3.1935,3.121455
289669,0,0.19329,6.6013,4.019744
31187,1,0.11116,2.2603,1.07559
584937,1,0.16899,2.1647,0.7920703
569554,0,0.18008,2.9961,2.380495
250843,0,0.08567,3.5191,3.930903
288796,0,0.07738,4.6321,4.250104
584725,0,0.16306,5.2529,6.187109
106627,0,0.12469,5.0283,5.841172
569471,1,0.21378,3.4403,3.006529
303096,0,0.01746,4.2894,3.740494
318857,1,0.12733,3.7112,4.773257
548962,0,0.10824,3.3207,2.017534
550236,1,0.26849,6.1019,4.181886
485684,0,0.05384,4.942,6.584682
491509,1,0.05445,1.4043,0.3547618
551503,0,0.05686,1.9882,2.166037
486357,1,0.13459,3.3093,2.97001
485097,0,0.08011,4.9164,4.909001
545372,0,0.10603,2.9449,5.540797
549073,0,0.05232,3.0468,2.414025
544281,0,0.08475,4.1026,5.084952
544857,1,0.13195,3.5676,3.292745
545492,0,0.14452,4.5138,6.018958
301738,1,0.25046,3.4995,1.369762
320541,0,0.27657,6.4253,2.111158
300984,1,0.09956,2.82,2.073297
319404,0,0.05825,2.5148,2.468383
301706,0,0.32685,9.5804,2.948207
319058,0,0.05457,4.9295,6.474684
300615,0,0.08491,2.2108,0.9467137
301511,0,0.10585,1.3393,2.327786
302204,1,0.29352,4.7456,3.327824
302224,0,0.12471,3.2645,7.109808
318840,0,0.085,2.8469,4.761746
320111,0,0.14441,3.456,3.389188
299092,0,0.14727,4.0869,4.112737
319347,0,0.09165,3.7189,3.578317
300412,0,0.19307,2.3785,2.401779
